index,d__Archaea,d__Bacteria,id-orig,BarcodeNumber,BarcodeSequenceFull,BarcodeSequence,LinkerPrimerSequence,StudyID,Timepoint,Person
1,0.0,6060.0,1,263.0,CAAGCAGAAGACGGCATACGAGAT GATGCTGCCGTT AGTCAGTCAG CC GGACTACHVGGGTWTCTAAT        806rcbc263,GATGCTGCCGTT,AATGATACGGCGACCACCGAGATCTACACGCCTCCCTCGCGCCATCAGAGATGTG,DR,,Devanshi
10,0.0,21211.0,11,272.0,CAAGCAGAAGACGGCATACGAGAT TACGGATTATGG AGTCAGTCAG CC GGACTACHVGGGTWTCTAAT        806rcbc272,TACGGATTATGG,AATGATACGGCGACCACCGAGATCTACACGCCTCCCTCGCGCCATCAGAGATGTG,DR,,Devanshi
100,0.0,9102.0,80,230.0,CAAGCAGAAGACGGCATACGAGAT GGTTCCATTAGG AGTCAGTCAG CC GGACTACHVGGGTWTCTAAT        806rcbc230,GGTTCCATTAGG,AATGATACGGCGACCACCGAGATCTACACGCCTCCCTCGCGCCATCAGAGATGTG,369026,HC,Kylie
101,1839.0,23210.0,81,231.0,CAAGCAGAAGACGGCATACGAGAT GTGTTCCCAGAA AGTCAGTCAG CC GGACTACHVGGGTWTCTAAT        806rcbc231,GTGTTCCCAGAA,AATGATACGGCGACCACCGAGATCTACACGCCTCCCTCGCGCCATCAGAGATGTG,369101,HC,Kylie
104,0.0,18162.0,84,234.0,CAAGCAGAAGACGGCATACGAGAT CTCGTGAATGAC AGTCAGTCAG CC GGACTACHVGGGTWTCTAAT        806rcbc234,CTCGTGAATGAC,AATGATACGGCGACCACCGAGATCTACACGCCTCCCTCGCGCCATCAGAGATGTG,469027,T1,Kylie
11,0.0,1883.0,12,273.0,CAAGCAGAAGACGGCATACGAGAT ATAGCGAACTCA AGTCAGTCAG CC GGACTACHVGGGTWTCTAAT        806rcbc273,ATAGCGAACTCA,AATGATACGGCGACCACCGAGATCTACACGCCTCCCTCGCGCCATCAGAGATGTG,DR,,Devanshi
114,0.0,33611.0,94,244.0,CAAGCAGAAGACGGCATACGAGAT GAGACGTGTTCT AGTCAGTCAG CC GGACTACHVGGGTWTCTAAT        806rcbc244,GAGACGTGTTCT,AATGATACGGCGACCACCGAGATCTACACGCCTCCCTCGCGCCATCAGAGATGTG,469108,T2,Kylie
115,0.0,5455.0,95,245.0,CAAGCAGAAGACGGCATACGAGAT TATCACCGGCAC AGTCAGTCAG CC GGACTACHVGGGTWTCTAAT        806rcbc245,TATCACCGGCAC,AATGATACGGCGACCACCGAGATCTACACGCCTCCCTCGCGCCATCAGAGATGTG,708,T1,Kylie
125,0.0,38305.0,105,255.0,CAAGCAGAAGACGGCATACGAGAT AATGACCTCGTG AGTCAGTCAG CC GGACTACHVGGGTWTCTAAT        806rcbc255,AATGACCTCGTG,AATGATACGGCGACCACCGAGATCTACACGCCTCCCTCGCGCCATCAGAGATGTG,718,T1,Kylie
128,0.0,7467.0,108,258.0,CAAGCAGAAGACGGCATACGAGAT GAGAGTCCACTT AGTCAGTCAG CC GGACTACHVGGGTWTCTAAT        806rcbc258,GAGAGTCCACTT,AATGATACGGCGACCACCGAGATCTACACGCCTCCCTCGCGCCATCAGAGATGTG,369017,T1,Kylie
133,0.0,17990.0,113,284.0,CAAGCAGAAGACGGCATACGAGAT ATAACATGTGCG AGTCAGTCAG CC GGACTACHVGGGTWTCTAAT        806rcbc284,ATAACATGTGCG,AATGATACGGCGACCACCGAGATCTACACGCCTCCCTCGCGCCATCAGAGATGTG,369106,HC,Kylie
134,0.0,22122.0,114,285.0,CAAGCAGAAGACGGCATACGAGAT CTTGAGAAATCG AGTCAGTCAG CC GGACTACHVGGGTWTCTAAT        806rcbc285,CTTGAGAAATCG,AATGATACGGCGACCACCGAGATCTACACGCCTCCCTCGCGCCATCAGAGATGTG,369137,HC,Kylie
135,0.0,5589.0,115,286.0,CAAGCAGAAGACGGCATACGAGAT CTACACAGCACA AGTCAGTCAG CC GGACTACHVGGGTWTCTAAT        806rcbc286,CTACACAGCACA,AATGATACGGCGACCACCGAGATCTACACGCCTCCCTCGCGCCATCAGAGATGTG,369096,T1,Kylie
136,0.0,6510.0,116,287.0,CAAGCAGAAGACGGCATACGAGAT GAAATGCTACGT AGTCAGTCAG CC GGACTACHVGGGTWTCTAAT        806rcbc287,GAAATGCTACGT,AATGATACGGCGACCACCGAGATCTACACGCCTCCCTCGCGCCATCAGAGATGTG,469063,HC,Kylie
137,0.0,15139.0,117,288.0,CAAGCAGAAGACGGCATACGAGAT TCTGAGGTTGCC AGTCAGTCAG CC GGACTACHVGGGTWTCTAAT        806rcbc288,TCTGAGGTTGCC,AATGATACGGCGACCACCGAGATCTACACGCCTCCCTCGCGCCATCAGAGATGTG,469062,HC,Kylie
138,0.0,24748.0,118,289.0,CAAGCAGAAGACGGCATACGAGAT GATCATTCTCTC AGTCAGTCAG CC GGACTACHVGGGTWTCTAAT        806rcbc289,GATCATTCTCTC,AATGATACGGCGACCACCGAGATCTACACGCCTCCCTCGCGCCATCAGAGATGTG,469045,T1,Kylie
139,0.0,27150.0,119,290.0,CAAGCAGAAGACGGCATACGAGAT AGACATACCGTA AGTCAGTCAG CC GGACTACHVGGGTWTCTAAT        806rcbc290,AGACATACCGTA,AATGATACGGCGACCACCGAGATCTACACGCCTCCCTCGCGCCATCAGAGATGTG,369042,HC,Kylie
14,0.0,22403.0,15,276.0,CAAGCAGAAGACGGCATACGAGAT GCCGTCTCGTAA AGTCAGTCAG CC GGACTACHVGGGTWTCTAAT        806rcbc276,GCCGTCTCGTAA,AATGATACGGCGACCACCGAGATCTACACGCCTCCCTCGCGCCATCAGAGATGTG,DR,,Devanshi
140,0.0,7818.0,120,291.0,CAAGCAGAAGACGGCATACGAGAT GATCCTCATGCG AGTCAGTCAG CC GGACTACHVGGGTWTCTAAT        806rcbc291,GATCCTCATGCG,AATGATACGGCGACCACCGAGATCTACACGCCTCCCTCGCGCCATCAGAGATGTG,369080,T1,Kylie
141,0.0,35826.0,121,292.0,CAAGCAGAAGACGGCATACGAGAT ATTATCGTCCCT AGTCAGTCAG CC GGACTACHVGGGTWTCTAAT        806rcbc292,ATTATCGTCCCT,AATGATACGGCGACCACCGAGATCTACACGCCTCCCTCGCGCCATCAGAGATGTG,369065,HC,Kylie
142,0.0,12978.0,122,293.0,CAAGCAGAAGACGGCATACGAGAT CCAGACCGCTAT AGTCAGTCAG CC GGACTACHVGGGTWTCTAAT        806rcbc293,CCAGACCGCTAT,AATGATACGGCGACCACCGAGATCTACACGCCTCCCTCGCGCCATCAGAGATGTG,711,T1,Kylie
143,0.0,18931.0,123,294.0,CAAGCAGAAGACGGCATACGAGAT AGCTCTAGAAAC AGTCAGTCAG CC GGACTACHVGGGTWTCTAAT        806rcbc294,AGCTCTAGAAAC,AATGATACGGCGACCACCGAGATCTACACGCCTCCCTCGCGCCATCAGAGATGTG,369120,T1,Kylie
144,0.0,8788.0,124,295.0,CAAGCAGAAGACGGCATACGAGAT TCCATCGACGTG AGTCAGTCAG CC GGACTACHVGGGTWTCTAAT        806rcbc295,TCCATCGACGTG,AATGATACGGCGACCACCGAGATCTACACGCCTCCCTCGCGCCATCAGAGATGTG,369051,HC,Kylie
145,0.0,36142.0,125,296.0,CAAGCAGAAGACGGCATACGAGAT CGATGTGTGGTT AGTCAGTCAG CC GGACTACHVGGGTWTCTAAT        806rcbc296,CGATGTGTGGTT,AATGATACGGCGACCACCGAGATCTACACGCCTCCCTCGCGCCATCAGAGATGTG,469042,T1,Kylie
146,0.0,26885.0,126,297.0,CAAGCAGAAGACGGCATACGAGAT GCGAAGTTGGGA AGTCAGTCAG CC GGACTACHVGGGTWTCTAAT        806rcbc297,GCGAAGTTGGGA,AATGATACGGCGACCACCGAGATCTACACGCCTCCCTCGCGCCATCAGAGATGTG,469065,HC,Kylie
147,0.0,6573.0,127,298.0,CAAGCAGAAGACGGCATACGAGAT GCATTCGGCGTT AGTCAGTCAG CC GGACTACHVGGGTWTCTAAT        806rcbc298,GCATTCGGCGTT,AATGATACGGCGACCACCGAGATCTACACGCCTCCCTCGCGCCATCAGAGATGTG,369070,HC,Kylie
148,0.0,48211.0,128,299.0,CAAGCAGAAGACGGCATACGAGAT CGCCATTGTGCA AGTCAGTCAG CC GGACTACHVGGGTWTCTAAT        806rcbc299,CGCCATTGTGCA,AATGATACGGCGACCACCGAGATCTACACGCCTCCCTCGCGCCATCAGAGATGTG,369118,HC,Kylie
149,0.0,6785.0,129,300.0,CAAGCAGAAGACGGCATACGAGAT TCCAACTGCAGA AGTCAGTCAG CC GGACTACHVGGGTWTCTAAT        806rcbc300,TCCAACTGCAGA,AATGATACGGCGACCACCGAGATCTACACGCCTCCCTCGCGCCATCAGAGATGTG,469067,HC,Kylie
15,0.0,35824.0,16,277.0,CAAGCAGAAGACGGCATACGAGAT CTGGGTATCTCG AGTCAGTCAG CC GGACTACHVGGGTWTCTAAT        806rcbc277,CTGGGTATCTCG,AATGATACGGCGACCACCGAGATCTACACGCCTCCCTCGCGCCATCAGAGATGTG,DR,,Devanshi
150,0.0,12418.0,130,301.0,CAAGCAGAAGACGGCATACGAGAT TAAAGACCCGTA AGTCAGTCAG CC GGACTACHVGGGTWTCTAAT        806rcbc301,TAAAGACCCGTA,AATGATACGGCGACCACCGAGATCTACACGCCTCCCTCGCGCCATCAGAGATGTG,469028,T2,Kylie
151,0.0,37862.0,131,302.0,CAAGCAGAAGACGGCATACGAGAT TGTATCTTCACC AGTCAGTCAG CC GGACTACHVGGGTWTCTAAT        806rcbc302,TGTATCTTCACC,AATGATACGGCGACCACCGAGATCTACACGCCTCCCTCGCGCCATCAGAGATGTG,469068,HC,Kylie
152,0.0,23438.0,132,303.0,CAAGCAGAAGACGGCATACGAGAT GACTGACTCGTC AGTCAGTCAG CC GGACTACHVGGGTWTCTAAT        806rcbc303,GACTGACTCGTC,AATGATACGGCGACCACCGAGATCTACACGCCTCCCTCGCGCCATCAGAGATGTG,369094,HC,Kylie
153,0.0,10986.0,133,304.0,CAAGCAGAAGACGGCATACGAGAT TCGTGGATAGCT AGTCAGTCAG CC GGACTACHVGGGTWTCTAAT        806rcbc304,TCGTGGATAGCT,AATGATACGGCGACCACCGAGATCTACACGCCTCCCTCGCGCCATCAGAGATGTG,469019,T1,Kylie
154,0.0,22620.0,134,305.0,CAAGCAGAAGACGGCATACGAGAT GACGCACTAACT AGTCAGTCAG CC GGACTACHVGGGTWTCTAAT        806rcbc305,GACGCACTAACT,AATGATACGGCGACCACCGAGATCTACACGCCTCCCTCGCGCCATCAGAGATGTG,369081,T2,Kylie
155,0.0,3986.0,135,306.0,CAAGCAGAAGACGGCATACGAGAT GGCGATTTACGT AGTCAGTCAG CC GGACTACHVGGGTWTCTAAT        806rcbc306,GGCGATTTACGT,AATGATACGGCGACCACCGAGATCTACACGCCTCCCTCGCGCCATCAGAGATGTG,469013,T2,Kylie
156,0.0,38307.0,136,307.0,CAAGCAGAAGACGGCATACGAGAT TAAGGCATCGCT AGTCAGTCAG CC GGACTACHVGGGTWTCTAAT        806rcbc307,TAAGGCATCGCT,AATGATACGGCGACCACCGAGATCTACACGCCTCCCTCGCGCCATCAGAGATGTG,469077,HC,Kylie
157,0.0,16688.0,137,308.0,CAAGCAGAAGACGGCATACGAGAT ACCCATACAGCC AGTCAGTCAG CC GGACTACHVGGGTWTCTAAT        806rcbc308,ACCCATACAGCC,AATGATACGGCGACCACCGAGATCTACACGCCTCCCTCGCGCCATCAGAGATGTG,469045,T2,Kylie
16,0.0,5499.0,18,278.0,CAAGCAGAAGACGGCATACGAGAT GACTACCCGTTG AGTCAGTCAG CC GGACTACHVGGGTWTCTAAT        806rcbc278,GACTACCCGTTG,AATGATACGGCGACCACCGAGATCTACACGCCTCCCTCGCGCCATCAGAGATGTG,DR,,Devanshi
160,0.0,12293.0,140,311.0,CAAGCAGAAGACGGCATACGAGAT CTACGAAAGCCT AGTCAGTCAG CC GGACTACHVGGGTWTCTAAT        806rcbc311,CTACGAAAGCCT,AATGATACGGCGACCACCGAGATCTACACGCCTCCCTCGCGCCATCAGAGATGTG,469017,T1,Kylie
161,0.0,53477.0,141,312.0,CAAGCAGAAGACGGCATACGAGAT ATAATTGCCGAG AGTCAGTCAG CC GGACTACHVGGGTWTCTAAT        806rcbc312,ATAATTGCCGAG,AATGATACGGCGACCACCGAGATCTACACGCCTCCCTCGCGCCATCAGAGATGTG,469106,T2,Kylie
162,0.0,52591.0,142,313.0,CAAGCAGAAGACGGCATACGAGAT GGCATGTTATCG AGTCAGTCAG CC GGACTACHVGGGTWTCTAAT        806rcbc313,GGCATGTTATCG,AATGATACGGCGACCACCGAGATCTACACGCCTCCCTCGCGCCATCAGAGATGTG,469112,T1,Kylie
163,0.0,50958.0,143,314.0,CAAGCAGAAGACGGCATACGAGAT AGGCACAGTAGG AGTCAGTCAG CC GGACTACHVGGGTWTCTAAT        806rcbc314,AGGCACAGTAGG,AATGATACGGCGACCACCGAGATCTACACGCCTCCCTCGCGCCATCAGAGATGTG,710,T1,Kylie
164,0.0,23123.0,144,315.0,CAAGCAGAAGACGGCATACGAGAT CTACTTACATCC AGTCAGTCAG CC GGACTACHVGGGTWTCTAAT        806rcbc315,CTACTTACATCC,AATGATACGGCGACCACCGAGATCTACACGCCTCCCTCGCGCCATCAGAGATGTG,369016,T2,Kylie
165,0.0,27740.0,145,316.0,CAAGCAGAAGACGGCATACGAGAT CTCTTCTGATCA AGTCAGTCAG CC GGACTACHVGGGTWTCTAAT        806rcbc316,CTCTTCTGATCA,AATGATACGGCGACCACCGAGATCTACACGCCTCCCTCGCGCCATCAGAGATGTG,369124,HC,Kylie
166,0.0,37353.0,146,317.0,CAAGCAGAAGACGGCATACGAGAT ATGCTAACCACG AGTCAGTCAG CC GGACTACHVGGGTWTCTAAT        806rcbc317,ATGCTAACCACG,AATGATACGGCGACCACCGAGATCTACACGCCTCCCTCGCGCCATCAGAGATGTG,369004,HC,Kylie
167,0.0,24576.0,147,318.0,CAAGCAGAAGACGGCATACGAGAT ACCAATCTCGGC AGTCAGTCAG CC GGACTACHVGGGTWTCTAAT        806rcbc318,ACCAATCTCGGC,AATGATACGGCGACCACCGAGATCTACACGCCTCCCTCGCGCCATCAGAGATGTG,369006,HC,Kylie
169,0.0,23672.0,149,320.0,CAAGCAGAAGACGGCATACGAGAT GTACTGAAGATC AGTCAGTCAG CC GGACTACHVGGGTWTCTAAT        806rcbc320,GTACTGAAGATC,AATGATACGGCGACCACCGAGATCTACACGCCTCCCTCGCGCCATCAGAGATGTG,369011,HC,Kylie
170,0.0,25076.0,150,321.0,CAAGCAGAAGACGGCATACGAGAT TCGCCGTGTACA AGTCAGTCAG CC GGACTACHVGGGTWTCTAAT        806rcbc321,TCGCCGTGTACA,AATGATACGGCGACCACCGAGATCTACACGCCTCCCTCGCGCCATCAGAGATGTG,469020,T1,Kylie
171,0.0,34780.0,151,322.0,CAAGCAGAAGACGGCATACGAGAT AACTGCGATATG AGTCAGTCAG CC GGACTACHVGGGTWTCTAAT        806rcbc322,AACTGCGATATG,AATGATACGGCGACCACCGAGATCTACACGCCTCCCTCGCGCCATCAGAGATGTG,469113,T1,Kylie
172,0.0,16040.0,152,323.0,CAAGCAGAAGACGGCATACGAGAT CTTCCAACTCAT AGTCAGTCAG CC GGACTACHVGGGTWTCTAAT        806rcbc323,CTTCCAACTCAT,AATGATACGGCGACCACCGAGATCTACACGCCTCCCTCGCGCCATCAGAGATGTG,369015,T2,Kylie
173,0.0,9836.0,153,324.0,CAAGCAGAAGACGGCATACGAGAT GAGATCGCCTAT AGTCAGTCAG CC GGACTACHVGGGTWTCTAAT        806rcbc324,GAGATCGCCTAT,AATGATACGGCGACCACCGAGATCTACACGCCTCCCTCGCGCCATCAGAGATGTG,703,T1,Kylie
174,0.0,21273.0,154,325.0,CAAGCAGAAGACGGCATACGAGAT TGTACATCGCCG AGTCAGTCAG CC GGACTACHVGGGTWTCTAAT        806rcbc325,TGTACATCGCCG,AATGATACGGCGACCACCGAGATCTACACGCCTCCCTCGCGCCATCAGAGATGTG,369080,T2,Kylie
175,4868.0,25954.0,155,326.0,CAAGCAGAAGACGGCATACGAGAT TGTTAAGCAGCA AGTCAGTCAG CC GGACTACHVGGGTWTCTAAT        806rcbc326,TGTTAAGCAGCA,AATGATACGGCGACCACCGAGATCTACACGCCTCCCTCGCGCCATCAGAGATGTG,469001,T2,Kylie
176,0.0,15820.0,156,327.0,CAAGCAGAAGACGGCATACGAGAT ACGGCGTTATGT AGTCAGTCAG CC GGACTACHVGGGTWTCTAAT        806rcbc327,ACGGCGTTATGT,AATGATACGGCGACCACCGAGATCTACACGCCTCCCTCGCGCCATCAGAGATGTG,469041,T2,Kylie
177,0.0,27343.0,157,328.0,CAAGCAGAAGACGGCATACGAGAT ACTTTGCTTTGC AGTCAGTCAG CC GGACTACHVGGGTWTCTAAT        806rcbc328,ACTTTGCTTTGC,AATGATACGGCGACCACCGAGATCTACACGCCTCCCTCGCGCCATCAGAGATGTG,369063,HC,Kylie
178,0.0,1503.0,158,329.0,CAAGCAGAAGACGGCATACGAGAT CAAAGCGGTATT AGTCAGTCAG CC GGACTACHVGGGTWTCTAAT        806rcbc329,CAAAGCGGTATT,AATGATACGGCGACCACCGAGATCTACACGCCTCCCTCGCGCCATCAGAGATGTG,469054,HC,Kylie
179,0.0,6463.0,159,330.0,CAAGCAGAAGACGGCATACGAGAT CGAAACTACGTA AGTCAGTCAG CC GGACTACHVGGGTWTCTAAT        806rcbc330,CGAAACTACGTA,AATGATACGGCGACCACCGAGATCTACACGCCTCCCTCGCGCCATCAGAGATGTG,369116,T1,Kylie
180,0.0,7545.0,160,331.0,CAAGCAGAAGACGGCATACGAGAT GAGGACCAGCAA AGTCAGTCAG CC GGACTACHVGGGTWTCTAAT        806rcbc331,GAGGACCAGCAA,AATGATACGGCGACCACCGAGATCTACACGCCTCCCTCGCGCCATCAGAGATGTG,469004,T2,Kylie
181,0.0,5016.0,161,332.0,CAAGCAGAAGACGGCATACGAGAT AATAGCATGTCG AGTCAGTCAG CC GGACTACHVGGGTWTCTAAT        806rcbc332,AATAGCATGTCG,AATGATACGGCGACCACCGAGATCTACACGCCTCCCTCGCGCCATCAGAGATGTG,469014,T2,Kylie
182,0.0,17141.0,162,333.0,CAAGCAGAAGACGGCATACGAGAT CGGAGTAATCCT AGTCAGTCAG CC GGACTACHVGGGTWTCTAAT        806rcbc333,CGGAGTAATCCT,AATGATACGGCGACCACCGAGATCTACACGCCTCCCTCGCGCCATCAGAGATGTG,469006,T2,Kylie
183,0.0,29543.0,163,334.0,CAAGCAGAAGACGGCATACGAGAT CTGTGTCCATGG AGTCAGTCAG CC GGACTACHVGGGTWTCTAAT        806rcbc334,CTGTGTCCATGG,AATGATACGGCGACCACCGAGATCTACACGCCTCCCTCGCGCCATCAGAGATGTG,715,T1,Kylie
184,0.0,27471.0,164,335.0,CAAGCAGAAGACGGCATACGAGAT CTTCGCGGATGT AGTCAGTCAG CC GGACTACHVGGGTWTCTAAT        806rcbc335,CTTCGCGGATGT,AATGATACGGCGACCACCGAGATCTACACGCCTCCCTCGCGCCATCAGAGATGTG,369085,T2,Kylie
185,0.0,17115.0,165,336.0,CAAGCAGAAGACGGCATACGAGAT ATAGGCTGTAGT AGTCAGTCAG CC GGACTACHVGGGTWTCTAAT        806rcbc336,ATAGGCTGTAGT,AATGATACGGCGACCACCGAGATCTACACGCCTCCCTCGCGCCATCAGAGATGTG,469037,T1,Kylie
186,0.0,37915.0,166,337.0,CAAGCAGAAGACGGCATACGAGAT TGTGTAGCCATG AGTCAGTCAG CC GGACTACHVGGGTWTCTAAT        806rcbc337,TGTGTAGCCATG,AATGATACGGCGACCACCGAGATCTACACGCCTCCCTCGCGCCATCAGAGATGTG,469026,T1,Kylie
187,0.0,1128.0,167,338.0,CAAGCAGAAGACGGCATACGAGAT AAGGGCGCTGAA AGTCAGTCAG CC GGACTACHVGGGTWTCTAAT        806rcbc338,AAGGGCGCTGAA,AATGATACGGCGACCACCGAGATCTACACGCCTCCCTCGCGCCATCAGAGATGTG,469032,T1,Kylie
188,0.0,20810.0,168,339.0,CAAGCAGAAGACGGCATACGAGAT GTTTCCGTGGTG AGTCAGTCAG CC GGACTACHVGGGTWTCTAAT        806rcbc339,GTTTCCGTGGTG,AATGATACGGCGACCACCGAGATCTACACGCCTCCCTCGCGCCATCAGAGATGTG,469049,T2,Kylie
189,0.0,3607.0,169,340.0,CAAGCAGAAGACGGCATACGAGAT AGGAACCAGACG AGTCAGTCAG CC GGACTACHVGGGTWTCTAAT        806rcbc340,AGGAACCAGACG,AATGATACGGCGACCACCGAGATCTACACGCCTCCCTCGCGCCATCAGAGATGTG,369062,HC,Kylie
192,0.0,22520.0,172,343.0,CAAGCAGAAGACGGCATACGAGAT CCACATTGGGTC AGTCAGTCAG CC GGACTACHVGGGTWTCTAAT        806rcbc343,CCACATTGGGTC,AATGATACGGCGACCACCGAGATCTACACGCCTCCCTCGCGCCATCAGAGATGTG,369084,HC,Kylie
193,0.0,4973.0,173,344.0,CAAGCAGAAGACGGCATACGAGAT TCAGTCAGATGA AGTCAGTCAG CC GGACTACHVGGGTWTCTAAT        806rcbc344,TCAGTCAGATGA,AATGATACGGCGACCACCGAGATCTACACGCCTCCCTCGCGCCATCAGAGATGTG,369112,HC,Kylie
194,0.0,8177.0,174,345.0,CAAGCAGAAGACGGCATACGAGAT AAGTCACACACA AGTCAGTCAG CC GGACTACHVGGGTWTCTAAT        806rcbc345,AAGTCACACACA,AATGATACGGCGACCACCGAGATCTACACGCCTCCCTCGCGCCATCAGAGATGTG,469028,T1,Kylie
195,0.0,36201.0,175,346.0,CAAGCAGAAGACGGCATACGAGAT GCTGTGATTCGA AGTCAGTCAG CC GGACTACHVGGGTWTCTAAT        806rcbc346,GCTGTGATTCGA,AATGATACGGCGACCACCGAGATCTACACGCCTCCCTCGCGCCATCAGAGATGTG,369105,HC,Kylie
196,0.0,24215.0,176,347.0,CAAGCAGAAGACGGCATACGAGAT CTAGCTATGGAC AGTCAGTCAG CC GGACTACHVGGGTWTCTAAT        806rcbc347,CTAGCTATGGAC,AATGATACGGCGACCACCGAGATCTACACGCCTCCCTCGCGCCATCAGAGATGTG,469035,T2,Kylie
197,0.0,22838.0,177,348.0,CAAGCAGAAGACGGCATACGAGAT CTTGACGAGGTT AGTCAGTCAG CC GGACTACHVGGGTWTCTAAT        806rcbc348,CTTGACGAGGTT,AATGATACGGCGACCACCGAGATCTACACGCCTCCCTCGCGCCATCAGAGATGTG,469033,T1,Kylie
198,0.0,6622.0,178,349.0,CAAGCAGAAGACGGCATACGAGAT ACCTGGGAATAT AGTCAGTCAG CC GGACTACHVGGGTWTCTAAT        806rcbc349,ACCTGGGAATAT,AATGATACGGCGACCACCGAGATCTACACGCCTCCCTCGCGCCATCAGAGATGTG,469059,HC,Kylie
199,0.0,20956.0,179,350.0,CAAGCAGAAGACGGCATACGAGAT CTCTGCCTAATT AGTCAGTCAG CC GGACTACHVGGGTWTCTAAT        806rcbc350,CTCTGCCTAATT,AATGATACGGCGACCACCGAGATCTACACGCCTCCCTCGCGCCATCAGAGATGTG,469030,T1,Kylie
20,0.0,1663.0,22,282.0,CAAGCAGAAGACGGCATACGAGAT GTAGGTGCTTAC AGTCAGTCAG CC GGACTACHVGGGTWTCTAAT        806rcbc282,GTAGGTGCTTAC,AATGATACGGCGACCACCGAGATCTACACGCCTCCCTCGCGCCATCAGAGATGTG,DR,,Devanshi
200,0.0,3544.0,180,351.0,CAAGCAGAAGACGGCATACGAGAT ATATGACCCAGC AGTCAGTCAG CC GGACTACHVGGGTWTCTAAT        806rcbc351,ATATGACCCAGC,AATGATACGGCGACCACCGAGATCTACACGCCTCCCTCGCGCCATCAGAGATGTG,369135,T1,Kylie
201,0.0,7447.0,181,352.0,CAAGCAGAAGACGGCATACGAGAT CTCTATTCCACC AGTCAGTCAG CC GGACTACHVGGGTWTCTAAT        806rcbc352,CTCTATTCCACC,AATGATACGGCGACCACCGAGATCTACACGCCTCCCTCGCGCCATCAGAGATGTG,469064,HC,Kylie
202,0.0,19007.0,182,353.0,CAAGCAGAAGACGGCATACGAGAT ATTGAGTGAGTC AGTCAGTCAG CC GGACTACHVGGGTWTCTAAT        806rcbc353,ATTGAGTGAGTC,AATGATACGGCGACCACCGAGATCTACACGCCTCCCTCGCGCCATCAGAGATGTG,469101,T1,Kylie
203,0.0,9477.0,183,354.0,CAAGCAGAAGACGGCATACGAGAT TTATGGTACGGA AGTCAGTCAG CC GGACTACHVGGGTWTCTAAT        806rcbc354,TTATGGTACGGA,AATGATACGGCGACCACCGAGATCTACACGCCTCCCTCGCGCCATCAGAGATGTG,469075,HC,Kylie
204,0.0,13699.0,184,355.0,CAAGCAGAAGACGGCATACGAGAT GCTAGTTATGGA AGTCAGTCAG CC GGACTACHVGGGTWTCTAAT        806rcbc355,GCTAGTTATGGA,AATGATACGGCGACCACCGAGATCTACACGCCTCCCTCGCGCCATCAGAGATGTG,369083,HC,Kylie
205,0.0,2353.0,185,356.0,CAAGCAGAAGACGGCATACGAGAT CAGATTAACCAG AGTCAGTCAG CC GGACTACHVGGGTWTCTAAT        806rcbc356,CAGATTAACCAG,AATGATACGGCGACCACCGAGATCTACACGCCTCCCTCGCGCCATCAGAGATGTG,469079,HC,Kylie
206,0.0,7618.0,186,357.0,CAAGCAGAAGACGGCATACGAGAT GGCTGCATACTC AGTCAGTCAG CC GGACTACHVGGGTWTCTAAT        806rcbc357,GGCTGCATACTC,AATGATACGGCGACCACCGAGATCTACACGCCTCCCTCGCGCCATCAGAGATGTG,469029,T1,Kylie
207,1008.0,19244.0,187,358.0,CAAGCAGAAGACGGCATACGAGAT TTGGTAAAGTGC AGTCAGTCAG CC GGACTACHVGGGTWTCTAAT        806rcbc358,TTGGTAAAGTGC,AATGATACGGCGACCACCGAGATCTACACGCCTCCCTCGCGCCATCAGAGATGTG,369025,T1,Kylie
208,1217.0,17801.0,188,359.0,CAAGCAGAAGACGGCATACGAGAT AAGTGGCTATCC AGTCAGTCAG CC GGACTACHVGGGTWTCTAAT        806rcbc359,AAGTGGCTATCC,AATGATACGGCGACCACCGAGATCTACACGCCTCCCTCGCGCCATCAGAGATGTG,369035,HC,Kylie
209,0.0,5291.0,189,360.0,CAAGCAGAAGACGGCATACGAGAT AACCGATGTACC AGTCAGTCAG CC GGACTACHVGGGTWTCTAAT        806rcbc360,AACCGATGTACC,AATGATACGGCGACCACCGAGATCTACACGCCTCCCTCGCGCCATCAGAGATGTG,469014,T1,Kylie
210,0.0,13984.0,190,362.0,CAAGCAGAAGACGGCATACGAGAT GCATTACTGGAC AGTCAGTCAG CC GGACTACHVGGGTWTCTAAT        806rcbc362,GCATTACTGGAC,AATGATACGGCGACCACCGAGATCTACACGCCTCCCTCGCGCCATCAGAGATGTG,469015,T1,Kylie
211,0.0,8121.0,191,363.0,CAAGCAGAAGACGGCATACGAGAT TTGGGCCACATA AGTCAGTCAG CC GGACTACHVGGGTWTCTAAT        806rcbc363,TTGGGCCACATA,AATGATACGGCGACCACCGAGATCTACACGCCTCCCTCGCGCCATCAGAGATGTG,469029,T2,Kylie
212,0.0,10254.0,192,364.0,CAAGCAGAAGACGGCATACGAGAT CACACAAAGTCA AGTCAGTCAG CC GGACTACHVGGGTWTCTAAT        806rcbc364,CACACAAAGTCA,AATGATACGGCGACCACCGAGATCTACACGCCTCCCTCGCGCCATCAGAGATGTG,369109,T1,Kylie
213,0.0,27280.0,193,365.0,CAAGCAGAAGACGGCATACGAGAT GCCAAGGATAGG AGTCAGTCAG CC GGACTACHVGGGTWTCTAAT        806rcbc365,GCCAAGGATAGG,AATGATACGGCGACCACCGAGATCTACACGCCTCCCTCGCGCCATCAGAGATGTG,369043,T2,Kylie
214,0.0,1782.0,194,366.0,CAAGCAGAAGACGGCATACGAGAT CGCCACGTGTAT AGTCAGTCAG CC GGACTACHVGGGTWTCTAAT        806rcbc366,CGCCACGTGTAT,AATGATACGGCGACCACCGAGATCTACACGCCTCCCTCGCGCCATCAGAGATGTG,469104,T2,Kylie
215,0.0,5538.0,195,367.0,CAAGCAGAAGACGGCATACGAGAT GCAACCGATTGT AGTCAGTCAG CC GGACTACHVGGGTWTCTAAT        806rcbc367,GCAACCGATTGT,AATGATACGGCGACCACCGAGATCTACACGCCTCCCTCGCGCCATCAGAGATGTG,702,T1,Kylie
216,0.0,16916.0,196,368.0,CAAGCAGAAGACGGCATACGAGAT CATGTGCTTAGG AGTCAGTCAG CC GGACTACHVGGGTWTCTAAT        806rcbc368,CATGTGCTTAGG,AATGATACGGCGACCACCGAGATCTACACGCCTCCCTCGCGCCATCAGAGATGTG,369046,HC,Kylie
217,0.0,13511.0,197,369.0,CAAGCAGAAGACGGCATACGAGAT GTTCCTCCATTA AGTCAGTCAG CC GGACTACHVGGGTWTCTAAT        806rcbc369,GTTCCTCCATTA,AATGATACGGCGACCACCGAGATCTACACGCCTCCCTCGCGCCATCAGAGATGTG,469052,HC,Kylie
218,0.0,16996.0,198,370.0,CAAGCAGAAGACGGCATACGAGAT ACCTGTCCTTTC AGTCAGTCAG CC GGACTACHVGGGTWTCTAAT        806rcbc370,ACCTGTCCTTTC,AATGATACGGCGACCACCGAGATCTACACGCCTCCCTCGCGCCATCAGAGATGTG,369073,T1,Kylie
219,0.0,8397.0,199,371.0,CAAGCAGAAGACGGCATACGAGAT GTTCACGCCCAA AGTCAGTCAG CC GGACTACHVGGGTWTCTAAT        806rcbc371,GTTCACGCCCAA,AATGATACGGCGACCACCGAGATCTACACGCCTCCCTCGCGCCATCAGAGATGTG,369048,T1,Kylie
22,0.0,24489.0,2,62.0,CAAGCAGAAGACGGCATACGAGAT GCTCGAAGATTC AGTCAGTCAG CC GGACTACHVGGGTWTCTAAT        806rcbc62,GCTCGAAGATTC,AATGATACGGCGACCACCGAGATCTACACGCCTCCCTCGCGCCATCAGAGATGTG,369034,T1,Kylie
220,0.0,11384.0,200,372.0,CAAGCAGAAGACGGCATACGAGAT CGATCGAACACT AGTCAGTCAG CC GGACTACHVGGGTWTCTAAT        806rcbc372,CGATCGAACACT,AATGATACGGCGACCACCGAGATCTACACGCCTCCCTCGCGCCATCAGAGATGTG,469069,HC,Kylie
221,0.0,42424.0,201,373.0,CAAGCAGAAGACGGCATACGAGAT CATGCCAACATG AGTCAGTCAG CC GGACTACHVGGGTWTCTAAT        806rcbc373,CATGCCAACATG,AATGATACGGCGACCACCGAGATCTACACGCCTCCCTCGCGCCATCAGAGATGTG,469048,T1,Kylie
222,0.0,1623.0,202,374.0,CAAGCAGAAGACGGCATACGAGAT GAGTACAGTCTA AGTCAGTCAG CC GGACTACHVGGGTWTCTAAT        806rcbc374,GAGTACAGTCTA,AATGATACGGCGACCACCGAGATCTACACGCCTCCCTCGCGCCATCAGAGATGTG,706,T2,Kylie
223,0.0,11956.0,203,375.0,CAAGCAGAAGACGGCATACGAGAT CCTACATGAGAC AGTCAGTCAG CC GGACTACHVGGGTWTCTAAT        806rcbc375,CCTACATGAGAC,AATGATACGGCGACCACCGAGATCTACACGCCTCCCTCGCGCCATCAGAGATGTG,369007,T2,Kylie
224,0.0,22552.0,204,376.0,CAAGCAGAAGACGGCATACGAGAT TCCGTGGTATAG AGTCAGTCAG CC GGACTACHVGGGTWTCTAAT        806rcbc376,TCCGTGGTATAG,AATGATACGGCGACCACCGAGATCTACACGCCTCCCTCGCGCCATCAGAGATGTG,369135,T2,Kylie
225,0.0,6500.0,205,377.0,CAAGCAGAAGACGGCATACGAGAT TCTACGGCACGT AGTCAGTCAG CC GGACTACHVGGGTWTCTAAT        806rcbc377,TCTACGGCACGT,AATGATACGGCGACCACCGAGATCTACACGCCTCCCTCGCGCCATCAGAGATGTG,469010,T1,Kylie
226,0.0,6317.0,206,378.0,CAAGCAGAAGACGGCATACGAGAT ATGCTGCAACAC AGTCAGTCAG CC GGACTACHVGGGTWTCTAAT        806rcbc378,ATGCTGCAACAC,AATGATACGGCGACCACCGAGATCTACACGCCTCCCTCGCGCCATCAGAGATGTG,369016,T1,Kylie
227,0.0,40069.0,207,379.0,CAAGCAGAAGACGGCATACGAGAT TTCTCATGGAGG AGTCAGTCAG CC GGACTACHVGGGTWTCTAAT        806rcbc379,TTCTCATGGAGG,AATGATACGGCGACCACCGAGATCTACACGCCTCCCTCGCGCCATCAGAGATGTG,706,T1,Kylie
228,0.0,44153.0,208,381.0,CAAGCAGAAGACGGCATACGAGAT GCTATCAAGACA AGTCAGTCAG CC GGACTACHVGGGTWTCTAAT        806rcbc381,GCTATCAAGACA,AATGATACGGCGACCACCGAGATCTACACGCCTCCCTCGCGCCATCAGAGATGTG,369068,T2,Kylie
229,0.0,26581.0,209,382.0,CAAGCAGAAGACGGCATACGAGAT CCGTGACAACTC AGTCAGTCAG CC GGACTACHVGGGTWTCTAAT        806rcbc382,CCGTGACAACTC,AATGATACGGCGACCACCGAGATCTACACGCCTCCCTCGCGCCATCAGAGATGTG,469048,T2,Kylie
23,0.0,12055.0,3,63.0,CAAGCAGAAGACGGCATACGAGAT AGGCTTACGTGT AGTCAGTCAG CC GGACTACHVGGGTWTCTAAT        806rcbc63,AGGCTTACGTGT,AATGATACGGCGACCACCGAGATCTACACGCCTCCCTCGCGCCATCAGAGATGTG,369009,HC,Kylie
230,0.0,38423.0,210,383.0,CAAGCAGAAGACGGCATACGAGAT CGTTCCTTGTTA AGTCAGTCAG CC GGACTACHVGGGTWTCTAAT        806rcbc383,CGTTCCTTGTTA,AATGATACGGCGACCACCGAGATCTACACGCCTCCCTCGCGCCATCAGAGATGTG,369073,T2,Kylie
231,0.0,16513.0,211,384.0,CAAGCAGAAGACGGCATACGAGAT GGAATTATCGGT AGTCAGTCAG CC GGACTACHVGGGTWTCTAAT        806rcbc384,GGAATTATCGGT,AATGATACGGCGACCACCGAGATCTACACGCCTCCCTCGCGCCATCAGAGATGTG,369133,T2,Kylie
232,0.0,6537.0,212,385.0,CAAGCAGAAGACGGCATACGAGAT CATCAAGCATAG AGTCAGTCAG CC GGACTACHVGGGTWTCTAAT        806rcbc385,CATCAAGCATAG,AATGATACGGCGACCACCGAGATCTACACGCCTCCCTCGCGCCATCAGAGATGTG,712,T1,Kylie
233,0.0,2153.0,213,386.0,CAAGCAGAAGACGGCATACGAGAT CATCGCGTTGAC AGTCAGTCAG CC GGACTACHVGGGTWTCTAAT        806rcbc386,CATCGCGTTGAC,AATGATACGGCGACCACCGAGATCTACACGCCTCCCTCGCGCCATCAGAGATGTG,369107,T1,Kylie
234,0.0,1436.0,214,387.0,CAAGCAGAAGACGGCATACGAGAT GCACATAGTCGT AGTCAGTCAG CC GGACTACHVGGGTWTCTAAT        806rcbc387,GCACATAGTCGT,AATGATACGGCGACCACCGAGATCTACACGCCTCCCTCGCGCCATCAGAGATGTG,369043,T1,Kylie
235,0.0,4033.0,215,388.0,CAAGCAGAAGACGGCATACGAGAT GGCAAATACACT AGTCAGTCAG CC GGACTACHVGGGTWTCTAAT        806rcbc388,GGCAAATACACT,AATGATACGGCGACCACCGAGATCTACACGCCTCCCTCGCGCCATCAGAGATGTG,369040,T2,Kylie
236,0.0,6207.0,216,389.0,CAAGCAGAAGACGGCATACGAGAT GTCATGCTCCAG AGTCAGTCAG CC GGACTACHVGGGTWTCTAAT        806rcbc389,GTCATGCTCCAG,AATGATACGGCGACCACCGAGATCTACACGCCTCCCTCGCGCCATCAGAGATGTG,469022,T1,Kylie
237,1198.0,13566.0,217,390.0,CAAGCAGAAGACGGCATACGAGAT CCTAGTAAGCTG AGTCAGTCAG CC GGACTACHVGGGTWTCTAAT        806rcbc390,CCTAGTAAGCTG,AATGATACGGCGACCACCGAGATCTACACGCCTCCCTCGCGCCATCAGAGATGTG,369036,T1,Kylie
238,0.0,42887.0,218,391.0,CAAGCAGAAGACGGCATACGAGAT TTACCGACGAGT AGTCAGTCAG CC GGACTACHVGGGTWTCTAAT        806rcbc391,TTACCGACGAGT,AATGATACGGCGACCACCGAGATCTACACGCCTCCCTCGCGCCATCAGAGATGTG,369032,HC,Kylie
239,0.0,10622.0,219,392.0,CAAGCAGAAGACGGCATACGAGAT GCTTAGATGTAG AGTCAGTCAG CC GGACTACHVGGGTWTCTAAT        806rcbc392,GCTTAGATGTAG,AATGATACGGCGACCACCGAGATCTACACGCCTCCCTCGCGCCATCAGAGATGTG,469103,T2,Kylie
24,0.0,5014.0,4,65.0,CAAGCAGAAGACGGCATACGAGAT ACTTCCAACTTC AGTCAGTCAG CC GGACTACHVGGGTWTCTAAT        806rcbc65,ACTTCCAACTTC,AATGATACGGCGACCACCGAGATCTACACGCCTCCCTCGCGCCATCAGAGATGTG,369116,T2,Kylie
240,0.0,39928.0,220,393.0,CAAGCAGAAGACGGCATACGAGAT AAGACGTAGCGG AGTCAGTCAG CC GGACTACHVGGGTWTCTAAT        806rcbc393,AAGACGTAGCGG,AATGATACGGCGACCACCGAGATCTACACGCCTCCCTCGCGCCATCAGAGATGTG,369108,T2,Kylie
241,0.0,33487.0,221,394.0,CAAGCAGAAGACGGCATACGAGAT TTACCTTACACC AGTCAGTCAG CC GGACTACHVGGGTWTCTAAT        806rcbc394,TTACCTTACACC,AATGATACGGCGACCACCGAGATCTACACGCCTCCCTCGCGCCATCAGAGATGTG,369123,T1,Kylie
242,0.0,14844.0,222,395.0,CAAGCAGAAGACGGCATACGAGAT TGACTAATGGCC AGTCAGTCAG CC GGACTACHVGGGTWTCTAAT        806rcbc395,TGACTAATGGCC,AATGATACGGCGACCACCGAGATCTACACGCCTCCCTCGCGCCATCAGAGATGTG,469049,T1,Kylie
244,0.0,8858.0,224,397.0,CAAGCAGAAGACGGCATACGAGAT ATTGCAAGCAAC AGTCAGTCAG CC GGACTACHVGGGTWTCTAAT        806rcbc397,ATTGCAAGCAAC,AATGATACGGCGACCACCGAGATCTACACGCCTCCCTCGCGCCATCAGAGATGTG,369030,T1,Kylie
245,0.0,17226.0,225,398.0,CAAGCAGAAGACGGCATACGAGAT CACGTGACATGT AGTCAGTCAG CC GGACTACHVGGGTWTCTAAT        806rcbc398,CACGTGACATGT,AATGATACGGCGACCACCGAGATCTACACGCCTCCCTCGCGCCATCAGAGATGTG,469071,HC,Kylie
246,0.0,23758.0,226,399.0,CAAGCAGAAGACGGCATACGAGAT CACAGTTGAAGT AGTCAGTCAG CC GGACTACHVGGGTWTCTAAT        806rcbc399,CACAGTTGAAGT,AATGATACGGCGACCACCGAGATCTACACGCCTCCCTCGCGCCATCAGAGATGTG,369052,T1,Kylie
247,0.0,12443.0,227,400.0,CAAGCAGAAGACGGCATACGAGAT CTAGGATCACTG AGTCAGTCAG CC GGACTACHVGGGTWTCTAAT        806rcbc400,CTAGGATCACTG,AATGATACGGCGACCACCGAGATCTACACGCCTCCCTCGCGCCATCAGAGATGTG,369038,T1,Kylie
248,0.0,24718.0,228,1.0,CAAGCAGAAGACGGCATACGAGAT ACGAGACTGATT AGTCAGTCAG CC GGACTACHVGGGTWTCTAAT        806rcbc1,ACGAGACTGATT,AATGATACGGCGACCACCGAGATCTACACGCCTCCCTCGCGCCATCAGAGATGTG,469011,T2,Kylie
249,0.0,12206.0,229,3.0,CAAGCAGAAGACGGCATACGAGAT ATCACCAGGTGT AGTCAGTCAG CC GGACTACHVGGGTWTCTAAT        806rcbc3,ATCACCAGGTGT,AATGATACGGCGACCACCGAGATCTACACGCCTCCCTCGCGCCATCAGAGATGTG,369092,HC,Kylie
25,0.0,15172.0,5,68.0,CAAGCAGAAGACGGCATACGAGAT CCACAGATCGAT AGTCAGTCAG CC GGACTACHVGGGTWTCTAAT        806rcbc68,CCACAGATCGAT,AATGATACGGCGACCACCGAGATCTACACGCCTCCCTCGCGCCATCAGAGATGTG,369111,HC,Kylie
250,0.0,23025.0,230,4.0,CAAGCAGAAGACGGCATACGAGAT TGGTCAACGATA AGTCAGTCAG CC GGACTACHVGGGTWTCTAAT        806rcbc4,TGGTCAACGATA,AATGATACGGCGACCACCGAGATCTACACGCCTCCCTCGCGCCATCAGAGATGTG,469011,T1,Kylie
251,0.0,17506.0,231,5.0,CAAGCAGAAGACGGCATACGAGAT ATCGCACAGTAA AGTCAGTCAG CC GGACTACHVGGGTWTCTAAT        806rcbc5,ATCGCACAGTAA,AATGATACGGCGACCACCGAGATCTACACGCCTCCCTCGCGCCATCAGAGATGTG,469034,T2,Kylie
252,0.0,3173.0,232,6.0,CAAGCAGAAGACGGCATACGAGAT GTCGTGTAGCCT AGTCAGTCAG CC GGACTACHVGGGTWTCTAAT        806rcbc6,GTCGTGTAGCCT,AATGATACGGCGACCACCGAGATCTACACGCCTCCCTCGCGCCATCAGAGATGTG,469107,T1,Kylie
253,0.0,6858.0,233,9.0,CAAGCAGAAGACGGCATACGAGAT TACAGCGCATAC AGTCAGTCAG CC GGACTACHVGGGTWTCTAAT        806rcbc9,TACAGCGCATAC,AATGATACGGCGACCACCGAGATCTACACGCCTCCCTCGCGCCATCAGAGATGTG,369036,T2,Kylie
254,0.0,22496.0,234,11.0,CAAGCAGAAGACGGCATACGAGAT AATTGTGTCGGA AGTCAGTCAG CC GGACTACHVGGGTWTCTAAT        806rcbc11,AATTGTGTCGGA,AATGATACGGCGACCACCGAGATCTACACGCCTCCCTCGCGCCATCAGAGATGTG,705,T1,Kylie
255,0.0,1548.0,235,12.0,CAAGCAGAAGACGGCATACGAGAT TGCATACACTGG AGTCAGTCAG CC GGACTACHVGGGTWTCTAAT        806rcbc12,TGCATACACTGG,AATGATACGGCGACCACCGAGATCTACACGCCTCCCTCGCGCCATCAGAGATGTG,469027,T2,Kylie
256,0.0,15092.0,236,13.0,CAAGCAGAAGACGGCATACGAGAT AGTCGAACGAGG AGTCAGTCAG CC GGACTACHVGGGTWTCTAAT        806rcbc13,AGTCGAACGAGG,AATGATACGGCGACCACCGAGATCTACACGCCTCCCTCGCGCCATCAGAGATGTG,369056,HC,Kylie
257,0.0,6562.0,237,14.0,CAAGCAGAAGACGGCATACGAGAT ACCAGTGACTCA AGTCAGTCAG CC GGACTACHVGGGTWTCTAAT        806rcbc14,ACCAGTGACTCA,AATGATACGGCGACCACCGAGATCTACACGCCTCCCTCGCGCCATCAGAGATGTG,369109,T2,Kylie
258,0.0,18500.0,238,16.0,CAAGCAGAAGACGGCATACGAGAT GTAGATCGTGTA AGTCAGTCAG CC GGACTACHVGGGTWTCTAAT        806rcbc16,GTAGATCGTGTA,AATGATACGGCGACCACCGAGATCTACACGCCTCCCTCGCGCCATCAGAGATGTG,369077,T2,Kylie
259,0.0,41201.0,239,17.0,CAAGCAGAAGACGGCATACGAGAT TAACGTGTGTGC AGTCAGTCAG CC GGACTACHVGGGTWTCTAAT        806rcbc17,TAACGTGTGTGC,AATGATACGGCGACCACCGAGATCTACACGCCTCCCTCGCGCCATCAGAGATGTG,369071,HC,Kylie
26,0.0,26941.0,6,70.0,CAAGCAGAAGACGGCATACGAGAT GATTCCGGCTCA AGTCAGTCAG CC GGACTACHVGGGTWTCTAAT        806rcbc70,GATTCCGGCTCA,AATGATACGGCGACCACCGAGATCTACACGCCTCCCTCGCGCCATCAGAGATGTG,469033,T2,Kylie
260,0.0,12096.0,240,18.0,CAAGCAGAAGACGGCATACGAGAT CATTATGGCGTG AGTCAGTCAG CC GGACTACHVGGGTWTCTAAT        806rcbc18,CATTATGGCGTG,AATGATACGGCGACCACCGAGATCTACACGCCTCCCTCGCGCCATCAGAGATGTG,369077,T1,Kylie
261,0.0,14112.0,241,19.0,CAAGCAGAAGACGGCATACGAGAT CCAATACGCCTG AGTCAGTCAG CC GGACTACHVGGGTWTCTAAT        806rcbc19,CCAATACGCCTG,AATGATACGGCGACCACCGAGATCTACACGCCTCCCTCGCGCCATCAGAGATGTG,369013,HC,Kylie
262,0.0,4117.0,242,20.0,CAAGCAGAAGACGGCATACGAGAT GATCTGCGATCC AGTCAGTCAG CC GGACTACHVGGGTWTCTAAT        806rcbc20,GATCTGCGATCC,AATGATACGGCGACCACCGAGATCTACACGCCTCCCTCGCGCCATCAGAGATGTG,469053,HC,Kylie
263,0.0,10220.0,243,21.0,CAAGCAGAAGACGGCATACGAGAT CAGCTCATCAGC AGTCAGTCAG CC GGACTACHVGGGTWTCTAAT        806rcbc21,CAGCTCATCAGC,AATGATACGGCGACCACCGAGATCTACACGCCTCCCTCGCGCCATCAGAGATGTG,369127,HC,Kylie
264,0.0,15638.0,244,22.0,CAAGCAGAAGACGGCATACGAGAT CAAACAACAGCT AGTCAGTCAG CC GGACTACHVGGGTWTCTAAT        806rcbc22,CAAACAACAGCT,AATGATACGGCGACCACCGAGATCTACACGCCTCCCTCGCGCCATCAGAGATGTG,369076,T2,Kylie
265,0.0,16701.0,245,23.0,CAAGCAGAAGACGGCATACGAGAT GCAACACCATCC AGTCAGTCAG CC GGACTACHVGGGTWTCTAAT        806rcbc23,GCAACACCATCC,AATGATACGGCGACCACCGAGATCTACACGCCTCCCTCGCGCCATCAGAGATGTG,369125,HC,Kylie
266,0.0,16593.0,246,24.0,CAAGCAGAAGACGGCATACGAGAT GCGATATATCGC AGTCAGTCAG CC GGACTACHVGGGTWTCTAAT        806rcbc24,GCGATATATCGC,AATGATACGGCGACCACCGAGATCTACACGCCTCCCTCGCGCCATCAGAGATGTG,469044,T1,Kylie
267,0.0,21422.0,247,25.0,CAAGCAGAAGACGGCATACGAGAT CGAGCAATCCTA AGTCAGTCAG CC GGACTACHVGGGTWTCTAAT        806rcbc25,CGAGCAATCCTA,AATGATACGGCGACCACCGAGATCTACACGCCTCCCTCGCGCCATCAGAGATGTG,369066,HC,Kylie
268,0.0,1347.0,248,26.0,CAAGCAGAAGACGGCATACGAGAT AGTCGTGCACAT AGTCAGTCAG CC GGACTACHVGGGTWTCTAAT        806rcbc26,AGTCGTGCACAT,AATGATACGGCGACCACCGAGATCTACACGCCTCCCTCGCGCCATCAGAGATGTG,469050,T1,Kylie
269,0.0,11284.0,249,27.0,CAAGCAGAAGACGGCATACGAGAT GTATCTGCGCGT AGTCAGTCAG CC GGACTACHVGGGTWTCTAAT        806rcbc27,GTATCTGCGCGT,AATGATACGGCGACCACCGAGATCTACACGCCTCCCTCGCGCCATCAGAGATGTG,369002,HC,Kylie
27,0.0,18093.0,7,71.0,CAAGCAGAAGACGGCATACGAGAT CGTAATTGCCGC AGTCAGTCAG CC GGACTACHVGGGTWTCTAAT        806rcbc71,CGTAATTGCCGC,AATGATACGGCGACCACCGAGATCTACACGCCTCCCTCGCGCCATCAGAGATGTG,469020,T2,Kylie
270,0.0,12512.0,250,28.0,CAAGCAGAAGACGGCATACGAGAT CGAGGGAAAGTC AGTCAGTCAG CC GGACTACHVGGGTWTCTAAT        806rcbc28,CGAGGGAAAGTC,AATGATACGGCGACCACCGAGATCTACACGCCTCCCTCGCGCCATCAGAGATGTG,369103,HC,Kylie
272,0.0,8153.0,252,30.0,CAAGCAGAAGACGGCATACGAGAT AGATTGACCAAC AGTCAGTCAG CC GGACTACHVGGGTWTCTAAT        806rcbc30,AGATTGACCAAC,AATGATACGGCGACCACCGAGATCTACACGCCTCCCTCGCGCCATCAGAGATGTG,469034,T1,Kylie
273,0.0,16126.0,253,31.0,CAAGCAGAAGACGGCATACGAGAT AGTTACGAGCTA AGTCAGTCAG CC GGACTACHVGGGTWTCTAAT        806rcbc31,AGTTACGAGCTA,AATGATACGGCGACCACCGAGATCTACACGCCTCCCTCGCGCCATCAGAGATGTG,469019,T2,Kylie
274,0.0,18619.0,254,32.0,CAAGCAGAAGACGGCATACGAGAT GCATATGCACTG AGTCAGTCAG CC GGACTACHVGGGTWTCTAAT        806rcbc32,GCATATGCACTG,AATGATACGGCGACCACCGAGATCTACACGCCTCCCTCGCGCCATCAGAGATGTG,369049,HC,Kylie
275,0.0,10858.0,255,33.0,CAAGCAGAAGACGGCATACGAGAT CAACTCCCGTGA AGTCAGTCAG CC GGACTACHVGGGTWTCTAAT        806rcbc33,CAACTCCCGTGA,AATGATACGGCGACCACCGAGATCTACACGCCTCCCTCGCGCCATCAGAGATGTG,469016,T2,Kylie
276,0.0,11649.0,256,34.0,CAAGCAGAAGACGGCATACGAGAT TTGCGTTAGCAG AGTCAGTCAG CC GGACTACHVGGGTWTCTAAT        806rcbc34,TTGCGTTAGCAG,AATGATACGGCGACCACCGAGATCTACACGCCTCCCTCGCGCCATCAGAGATGTG,369093,HC,Kylie
277,0.0,20269.0,257,35.0,CAAGCAGAAGACGGCATACGAGAT TACGAGCCCTAA AGTCAGTCAG CC GGACTACHVGGGTWTCTAAT        806rcbc35,TACGAGCCCTAA,AATGATACGGCGACCACCGAGATCTACACGCCTCCCTCGCGCCATCAGAGATGTG,369030,T2,Kylie
278,0.0,19608.0,258,36.0,CAAGCAGAAGACGGCATACGAGAT CACTACGCTAGA AGTCAGTCAG CC GGACTACHVGGGTWTCTAAT        806rcbc36,CACTACGCTAGA,AATGATACGGCGACCACCGAGATCTACACGCCTCCCTCGCGCCATCAGAGATGTG,721,T2,Kylie
279,0.0,25418.0,259,37.0,CAAGCAGAAGACGGCATACGAGAT TGCAGTCCTCGA AGTCAGTCAG CC GGACTACHVGGGTWTCTAAT        806rcbc37,TGCAGTCCTCGA,AATGATACGGCGACCACCGAGATCTACACGCCTCCCTCGCGCCATCAGAGATGTG,369074,T1,Kylie
28,0.0,31545.0,8,74.0,CAAGCAGAAGACGGCATACGAGAT TAGGCATGCTTG AGTCAGTCAG CC GGACTACHVGGGTWTCTAAT        806rcbc74,TAGGCATGCTTG,AATGATACGGCGACCACCGAGATCTACACGCCTCCCTCGCGCCATCAGAGATGTG,369098,HC,Kylie
280,0.0,9431.0,260,38.0,CAAGCAGAAGACGGCATACGAGAT ACCATAGCTCCG AGTCAGTCAG CC GGACTACHVGGGTWTCTAAT        806rcbc38,ACCATAGCTCCG,AATGATACGGCGACCACCGAGATCTACACGCCTCCCTCGCGCCATCAGAGATGTG,369132,HC,Kylie
281,0.0,15528.0,261,39.0,CAAGCAGAAGACGGCATACGAGAT TCGACATCTCTT AGTCAGTCAG CC GGACTACHVGGGTWTCTAAT        806rcbc39,TCGACATCTCTT,AATGATACGGCGACCACCGAGATCTACACGCCTCCCTCGCGCCATCAGAGATGTG,369091,T2,Kylie
283,0.0,9650.0,263,41.0,CAAGCAGAAGACGGCATACGAGAT GAGCCATCTGTA AGTCAGTCAG CC GGACTACHVGGGTWTCTAAT        806rcbc41,GAGCCATCTGTA,AATGATACGGCGACCACCGAGATCTACACGCCTCCCTCGCGCCATCAGAGATGTG,369087,T1,Kylie
286,0.0,7984.0,266,45.0,CAAGCAGAAGACGGCATACGAGAT TCGGAATTAGAC AGTCAGTCAG CC GGACTACHVGGGTWTCTAAT        806rcbc45,TCGGAATTAGAC,AATGATACGGCGACCACCGAGATCTACACGCCTCCCTCGCGCCATCAGAGATGTG,469008,T1,Kylie
287,0.0,11236.0,267,47.0,CAAGCAGAAGACGGCATACGAGAT CATTCGTGGCGT AGTCAGTCAG CC GGACTACHVGGGTWTCTAAT        806rcbc47,CATTCGTGGCGT,AATGATACGGCGACCACCGAGATCTACACGCCTCCCTCGCGCCATCAGAGATGTG,711,T2,Kylie
288,0.0,19222.0,268,50.0,CAAGCAGAAGACGGCATACGAGAT GATGTTCGCTAG AGTCAGTCAG CC GGACTACHVGGGTWTCTAAT        806rcbc50,GATGTTCGCTAG,AATGATACGGCGACCACCGAGATCTACACGCCTCCCTCGCGCCATCAGAGATGTG,369119,T1,Kylie
289,0.0,11723.0,269,51.0,CAAGCAGAAGACGGCATACGAGAT CTATCTCCTGTC AGTCAGTCAG CC GGACTACHVGGGTWTCTAAT        806rcbc51,CTATCTCCTGTC,AATGATACGGCGACCACCGAGATCTACACGCCTCCCTCGCGCCATCAGAGATGTG,369126,HC,Kylie
29,1015.0,17671.0,9,75.0,CAAGCAGAAGACGGCATACGAGAT AACTAGTTCAGG AGTCAGTCAG CC GGACTACHVGGGTWTCTAAT        806rcbc75,AACTAGTTCAGG,AATGATACGGCGACCACCGAGATCTACACGCCTCCCTCGCGCCATCAGAGATGTG,369054,HC,Kylie
290,0.0,18320.0,270,52.0,CAAGCAGAAGACGGCATACGAGAT ACTCACAGGAAT AGTCAGTCAG CC GGACTACHVGGGTWTCTAAT        806rcbc52,ACTCACAGGAAT,AATGATACGGCGACCACCGAGATCTACACGCCTCCCTCGCGCCATCAGAGATGTG,369085,T1,Kylie
291,0.0,2739.0,271,54.0,CAAGCAGAAGACGGCATACGAGAT GTCGACAGAGGA AGTCAGTCAG CC GGACTACHVGGGTWTCTAAT        806rcbc54,GTCGACAGAGGA,AATGATACGGCGACCACCGAGATCTACACGCCTCCCTCGCGCCATCAGAGATGTG,713,T1,Kylie
292,0.0,8154.0,272,55.0,CAAGCAGAAGACGGCATACGAGAT TGTCGCAAATAG AGTCAGTCAG CC GGACTACHVGGGTWTCTAAT        806rcbc55,TGTCGCAAATAG,AATGATACGGCGACCACCGAGATCTACACGCCTCCCTCGCGCCATCAGAGATGTG,369115,HC,Kylie
293,0.0,10446.0,273,57.0,CAAGCAGAAGACGGCATACGAGAT TATACCGCTGCG AGTCAGTCAG CC GGACTACHVGGGTWTCTAAT        806rcbc57,TATACCGCTGCG,AATGATACGGCGACCACCGAGATCTACACGCCTCCCTCGCGCCATCAGAGATGTG,469039,T2,Kylie
294,0.0,23258.0,274,58.0,CAAGCAGAAGACGGCATACGAGAT AGTTGAGGCATT AGTCAGTCAG CC GGACTACHVGGGTWTCTAAT        806rcbc58,AGTTGAGGCATT,AATGATACGGCGACCACCGAGATCTACACGCCTCCCTCGCGCCATCAGAGATGTG,469022,T2,Kylie
295,0.0,32728.0,275,59.0,CAAGCAGAAGACGGCATACGAGAT ACAATAGACACC AGTCAGTCAG CC GGACTACHVGGGTWTCTAAT        806rcbc59,ACAATAGACACC,AATGATACGGCGACCACCGAGATCTACACGCCTCCCTCGCGCCATCAGAGATGTG,369076,T1,Kylie
296,0.0,18776.0,276,78.0,CAAGCAGAAGACGGCATACGAGAT GTACGATATGAC AGTCAGTCAG CC GGACTACHVGGGTWTCTAAT        806rcbc78,GTACGATATGAC,AATGATACGGCGACCACCGAGATCTACACGCCTCCCTCGCGCCATCAGAGATGTG,469073,HC,Kylie
297,0.0,10630.0,277,79.0,CAAGCAGAAGACGGCATACGAGAT GTGGTGGTTTCC AGTCAGTCAG CC GGACTACHVGGGTWTCTAAT        806rcbc79,GTGGTGGTTTCC,AATGATACGGCGACCACCGAGATCTACACGCCTCCCTCGCGCCATCAGAGATGTG,369113,HC,Kylie
298,0.0,15164.0,278,80.0,CAAGCAGAAGACGGCATACGAGAT TAGTATGCGCAA AGTCAGTCAG CC GGACTACHVGGGTWTCTAAT        806rcbc80,TAGTATGCGCAA,AATGATACGGCGACCACCGAGATCTACACGCCTCCCTCGCGCCATCAGAGATGTG,369033,HC,Kylie
299,0.0,22743.0,279,81.0,CAAGCAGAAGACGGCATACGAGAT TGCGCTGAATGT AGTCAGTCAG CC GGACTACHVGGGTWTCTAAT        806rcbc81,TGCGCTGAATGT,AATGATACGGCGACCACCGAGATCTACACGCCTCCCTCGCGCCATCAGAGATGTG,469112,T2,Kylie
3,0.0,30646.0,4,265.0,CAAGCAGAAGACGGCATACGAGAT ATTAAGCCTGGA AGTCAGTCAG CC GGACTACHVGGGTWTCTAAT        806rcbc265,ATTAAGCCTGGA,AATGATACGGCGACCACCGAGATCTACACGCCTCCCTCGCGCCATCAGAGATGTG,DR,,Devanshi
30,0.0,16885.0,10,76.0,CAAGCAGAAGACGGCATACGAGAT ATTCTGCCGAAG AGTCAGTCAG CC GGACTACHVGGGTWTCTAAT        806rcbc76,ATTCTGCCGAAG,AATGATACGGCGACCACCGAGATCTACACGCCTCCCTCGCGCCATCAGAGATGTG,369081,T1,Kylie
300,0.0,29994.0,280,82.0,CAAGCAGAAGACGGCATACGAGAT ATGGCTGTCAGT AGTCAGTCAG CC GGACTACHVGGGTWTCTAAT        806rcbc82,ATGGCTGTCAGT,AATGATACGGCGACCACCGAGATCTACACGCCTCCCTCGCGCCATCAGAGATGTG,469056,HC,Kylie
301,0.0,12069.0,281,83.0,CAAGCAGAAGACGGCATACGAGAT GTTCTCTTCTCG AGTCAGTCAG CC GGACTACHVGGGTWTCTAAT        806rcbc83,GTTCTCTTCTCG,AATGATACGGCGACCACCGAGATCTACACGCCTCCCTCGCGCCATCAGAGATGTG,369012,HC,Kylie
302,0.0,16593.0,282,84.0,CAAGCAGAAGACGGCATACGAGAT CGTAAGATGCCT AGTCAGTCAG CC GGACTACHVGGGTWTCTAAT        806rcbc84,CGTAAGATGCCT,AATGATACGGCGACCACCGAGATCTACACGCCTCCCTCGCGCCATCAGAGATGTG,369010,HC,Kylie
303,0.0,1850.0,283,85.0,CAAGCAGAAGACGGCATACGAGAT GCGTTCTAGCTG AGTCAGTCAG CC GGACTACHVGGGTWTCTAAT        806rcbc85,GCGTTCTAGCTG,AATGATACGGCGACCACCGAGATCTACACGCCTCCCTCGCGCCATCAGAGATGTG,719,T1,Kylie
304,0.0,4023.0,284,87.0,CAAGCAGAAGACGGCATACGAGAT GGACTTCCAGCT AGTCAGTCAG CC GGACTACHVGGGTWTCTAAT        806rcbc87,GGACTTCCAGCT,AATGATACGGCGACCACCGAGATCTACACGCCTCCCTCGCGCCATCAGAGATGTG,469080,HC,Kylie
305,0.0,18264.0,285,88.0,CAAGCAGAAGACGGCATACGAGAT CTCACAACCGTG AGTCAGTCAG CC GGACTACHVGGGTWTCTAAT        806rcbc88,CTCACAACCGTG,AATGATACGGCGACCACCGAGATCTACACGCCTCCCTCGCGCCATCAGAGATGTG,369001,HC,Kylie
306,0.0,16951.0,286,91.0,CAAGCAGAAGACGGCATACGAGAT TGTAACGCCGAT AGTCAGTCAG CC GGACTACHVGGGTWTCTAAT        806rcbc91,TGTAACGCCGAT,AATGATACGGCGACCACCGAGATCTACACGCCTCCCTCGCGCCATCAGAGATGTG,369048,T2,Kylie
307,0.0,14671.0,287,92.0,CAAGCAGAAGACGGCATACGAGAT AGCAGAACATCT AGTCAGTCAG CC GGACTACHVGGGTWTCTAAT        806rcbc92,AGCAGAACATCT,AATGATACGGCGACCACCGAGATCTACACGCCTCCCTCGCGCCATCAGAGATGTG,469103,T1,Kylie
308,0.0,20589.0,288,93.0,CAAGCAGAAGACGGCATACGAGAT TGGAGTAGGTGG AGTCAGTCAG CC GGACTACHVGGGTWTCTAAT        806rcbc93,TGGAGTAGGTGG,AATGATACGGCGACCACCGAGATCTACACGCCTCCCTCGCGCCATCAGAGATGTG,469074,HC,Kylie
31,0.0,19116.0,11,77.0,CAAGCAGAAGACGGCATACGAGAT AGCATGTCCCGT AGTCAGTCAG CC GGACTACHVGGGTWTCTAAT        806rcbc77,AGCATGTCCCGT,AATGATACGGCGACCACCGAGATCTACACGCCTCCCTCGCGCCATCAGAGATGTG,722,T1,Kylie
310,0.0,2996.0,290,95.0,CAAGCAGAAGACGGCATACGAGAT GATCCCACGTAC AGTCAGTCAG CC GGACTACHVGGGTWTCTAAT        806rcbc95,GATCCCACGTAC,AATGATACGGCGACCACCGAGATCTACACGCCTCCCTCGCGCCATCAGAGATGTG,369008,HC,Kylie
311,0.0,23198.0,291,155.0,CAAGCAGAAGACGGCATACGAGAT TCAGTTCTCGTT AGTCAGTCAG CC GGACTACHVGGGTWTCTAAT        806rcbc155,TCAGTTCTCGTT,AATGATACGGCGACCACCGAGATCTACACGCCTCCCTCGCGCCATCAGAGATGTG,369079,HC,Kylie
312,0.0,22002.0,292,156.0,CAAGCAGAAGACGGCATACGAGAT TCGTGCGTGTTG AGTCAGTCAG CC GGACTACHVGGGTWTCTAAT        806rcbc156,TCGTGCGTGTTG,AATGATACGGCGACCACCGAGATCTACACGCCTCCCTCGCGCCATCAGAGATGTG,369119,T2,Kylie
313,0.0,9551.0,293,157.0,CAAGCAGAAGACGGCATACGAGAT GTTATCGCATGG AGTCAGTCAG CC GGACTACHVGGGTWTCTAAT        806rcbc157,GTTATCGCATGG,AATGATACGGCGACCACCGAGATCTACACGCCTCCCTCGCGCCATCAGAGATGTG,469104,T1,Kylie
314,0.0,15408.0,294,158.0,CAAGCAGAAGACGGCATACGAGAT GATCACGAGAGG AGTCAGTCAG CC GGACTACHVGGGTWTCTAAT        806rcbc158,GATCACGAGAGG,AATGATACGGCGACCACCGAGATCTACACGCCTCCCTCGCGCCATCAGAGATGTG,369091,T1,Kylie
317,0.0,14847.0,F10,106.0,CAAGCAGAAGACGGCATACGAGAT TCTTGGAGGTCA AGTCAGTCAG CC GGACTACHVGGGTWTCTAAT        806rcbc106,TCTTGGAGGTCA,AATGATACGGCGACCACCGAGATCTACACGCCTCCCTCGCGCCATCAGAGATGTG,769062,HC,Kylie
318,0.0,31270.0,F11,107.0,CAAGCAGAAGACGGCATACGAGAT TCACCTCCTTGT AGTCAGTCAG CC GGACTACHVGGGTWTCTAAT        806rcbc107,TCACCTCCTTGT,AATGATACGGCGACCACCGAGATCTACACGCCTCCCTCGCGCCATCAGAGATGTG,769063,HC,Kylie
319,0.0,9370.0,F12,108.0,CAAGCAGAAGACGGCATACGAGAT GCACACCTGATA AGTCAGTCAG CC GGACTACHVGGGTWTCTAAT        806rcbc108,GCACACCTGATA,AATGATACGGCGACCACCGAGATCTACACGCCTCCCTCGCGCCATCAGAGATGTG,769064,HC,Kylie
320,1261.0,12504.0,F13,111.0,CAAGCAGAAGACGGCATACGAGAT AGCTGTCAAGCT AGTCAGTCAG CC GGACTACHVGGGTWTCTAAT        806rcbc111,AGCTGTCAAGCT,AATGATACGGCGACCACCGAGATCTACACGCCTCCCTCGCGCCATCAGAGATGTG,769065,HC,Kylie
321,0.0,29097.0,F14,112.0,CAAGCAGAAGACGGCATACGAGAT GAGAGCAACAGA AGTCAGTCAG CC GGACTACHVGGGTWTCTAAT        806rcbc112,GAGAGCAACAGA,AATGATACGGCGACCACCGAGATCTACACGCCTCCCTCGCGCCATCAGAGATGTG,769066,HC,Kylie
322,0.0,22123.0,F15,113.0,CAAGCAGAAGACGGCATACGAGAT TACTCGGGAACT AGTCAGTCAG CC GGACTACHVGGGTWTCTAAT        806rcbc113,TACTCGGGAACT,AATGATACGGCGACCACCGAGATCTACACGCCTCCCTCGCGCCATCAGAGATGTG,769067,HC,Kylie
323,0.0,20156.0,F16,114.0,CAAGCAGAAGACGGCATACGAGAT CGTGCTTAGGCT AGTCAGTCAG CC GGACTACHVGGGTWTCTAAT        806rcbc114,CGTGCTTAGGCT,AATGATACGGCGACCACCGAGATCTACACGCCTCCCTCGCGCCATCAGAGATGTG,769068,HC,Kylie
324,0.0,19755.0,F17,115.0,CAAGCAGAAGACGGCATACGAGAT TACCGAAGGTAT AGTCAGTCAG CC GGACTACHVGGGTWTCTAAT        806rcbc115,TACCGAAGGTAT,AATGATACGGCGACCACCGAGATCTACACGCCTCCCTCGCGCCATCAGAGATGTG,769069,HC,Kylie
325,965.0,27804.0,F18,116.0,CAAGCAGAAGACGGCATACGAGAT CACTCATCATTC AGTCAGTCAG CC GGACTACHVGGGTWTCTAAT        806rcbc116,CACTCATCATTC,AATGATACGGCGACCACCGAGATCTACACGCCTCCCTCGCGCCATCAGAGATGTG,769070,HC,Kylie
326,0.0,39073.0,F19,117.0,CAAGCAGAAGACGGCATACGAGAT GTATTTCGGACG AGTCAGTCAG CC GGACTACHVGGGTWTCTAAT        806rcbc117,GTATTTCGGACG,AATGATACGGCGACCACCGAGATCTACACGCCTCCCTCGCGCCATCAGAGATGTG,769071,HC,Kylie
327,0.0,41326.0,F2,97.0,CAAGCAGAAGACGGCATACGAGAT TGTGCGATAACA AGTCAGTCAG CC GGACTACHVGGGTWTCTAAT        806rcbc97,TGTGCGATAACA,AATGATACGGCGACCACCGAGATCTACACGCCTCCCTCGCGCCATCAGAGATGTG,769052,HC,Kylie
328,0.0,16538.0,F20,118.0,CAAGCAGAAGACGGCATACGAGAT TATCTATCCTGC AGTCAGTCAG CC GGACTACHVGGGTWTCTAAT        806rcbc118,TATCTATCCTGC,AATGATACGGCGACCACCGAGATCTACACGCCTCCCTCGCGCCATCAGAGATGTG,769072,HC,Kylie
329,0.0,23574.0,F21,154.0,CAAGCAGAAGACGGCATACGAGAT CGTACTCTCGAG AGTCAGTCAG CC GGACTACHVGGGTWTCTAAT        806rcbc154,CGTACTCTCGAG,AATGATACGGCGACCACCGAGATCTACACGCCTCCCTCGCGCCATCAGAGATGTG,769074,HC,Kylie
330,0.0,8897.0,F22,120.0,CAAGCAGAAGACGGCATACGAGAT AGTAGCGGAAGA AGTCAGTCAG CC GGACTACHVGGGTWTCTAAT        806rcbc120,AGTAGCGGAAGA,AATGATACGGCGACCACCGAGATCTACACGCCTCCCTCGCGCCATCAGAGATGTG,769075,HC,Kylie
331,0.0,14434.0,F23,121.0,CAAGCAGAAGACGGCATACGAGAT GCAATTAGGTAC AGTCAGTCAG CC GGACTACHVGGGTWTCTAAT        806rcbc121,GCAATTAGGTAC,AATGATACGGCGACCACCGAGATCTACACGCCTCCCTCGCGCCATCAGAGATGTG,769075,HC,Kylie
332,0.0,31922.0,F24,122.0,CAAGCAGAAGACGGCATACGAGAT CATACCGTGAGT AGTCAGTCAG CC GGACTACHVGGGTWTCTAAT        806rcbc122,CATACCGTGAGT,AATGATACGGCGACCACCGAGATCTACACGCCTCCCTCGCGCCATCAGAGATGTG,769079,HC,Kylie
333,0.0,7332.0,F25,124.0,CAAGCAGAAGACGGCATACGAGAT CCTGCGAAGTAT AGTCAGTCAG CC GGACTACHVGGGTWTCTAAT        806rcbc124,CCTGCGAAGTAT,AATGATACGGCGACCACCGAGATCTACACGCCTCCCTCGCGCCATCAGAGATGTG,769080,HC,Kylie
334,0.0,19102.0,F26,125.0,CAAGCAGAAGACGGCATACGAGAT TTCTCTCGACAT AGTCAGTCAG CC GGACTACHVGGGTWTCTAAT        806rcbc125,TTCTCTCGACAT,AATGATACGGCGACCACCGAGATCTACACGCCTCCCTCGCGCCATCAGAGATGTG,769001,T1,Kylie
335,0.0,17246.0,F27,126.0,CAAGCAGAAGACGGCATACGAGAT GCTCTCCGTAGA AGTCAGTCAG CC GGACTACHVGGGTWTCTAAT        806rcbc126,GCTCTCCGTAGA,AATGATACGGCGACCACCGAGATCTACACGCCTCCCTCGCGCCATCAGAGATGTG,769002,T1,Kylie
337,0.0,15324.0,F29,128.0,CAAGCAGAAGACGGCATACGAGAT ATGCCATGCCGT AGTCAGTCAG CC GGACTACHVGGGTWTCTAAT        806rcbc128,ATGCCATGCCGT,AATGATACGGCGACCACCGAGATCTACACGCCTCCCTCGCGCCATCAGAGATGTG,769005,T1,Kylie
338,0.0,2668.0,F3,98.0,CAAGCAGAAGACGGCATACGAGAT GATTATCGACGA AGTCAGTCAG CC GGACTACHVGGGTWTCTAAT        806rcbc98,GATTATCGACGA,AATGATACGGCGACCACCGAGATCTACACGCCTCCCTCGCGCCATCAGAGATGTG,769053,HC,Kylie
339,1003.0,14818.0,F30,129.0,CAAGCAGAAGACGGCATACGAGAT GACATTGTCACG AGTCAGTCAG CC GGACTACHVGGGTWTCTAAT        806rcbc129,GACATTGTCACG,AATGATACGGCGACCACCGAGATCTACACGCCTCCCTCGCGCCATCAGAGATGTG,769006,T1,Kylie
340,0.0,26505.0,F31,130.0,CAAGCAGAAGACGGCATACGAGAT GCCAACAACCAT AGTCAGTCAG CC GGACTACHVGGGTWTCTAAT        806rcbc130,GCCAACAACCAT,AATGATACGGCGACCACCGAGATCTACACGCCTCCCTCGCGCCATCAGAGATGTG,769007,T1,Kylie
341,0.0,11275.0,F32,132.0,CAAGCAGAAGACGGCATACGAGAT TCCTCGAGCGAT AGTCAGTCAG CC GGACTACHVGGGTWTCTAAT        806rcbc132,TCCTCGAGCGAT,AATGATACGGCGACCACCGAGATCTACACGCCTCCCTCGCGCCATCAGAGATGTG,769009,T1,Kylie
342,0.0,20205.0,F33,133.0,CAAGCAGAAGACGGCATACGAGAT ACCCAAGCGTTA AGTCAGTCAG CC GGACTACHVGGGTWTCTAAT        806rcbc133,ACCCAAGCGTTA,AATGATACGGCGACCACCGAGATCTACACGCCTCCCTCGCGCCATCAGAGATGTG,769013,T1,Kylie
343,0.0,27071.0,F34,134.0,CAAGCAGAAGACGGCATACGAGAT TGCAGCAAGATT AGTCAGTCAG CC GGACTACHVGGGTWTCTAAT        806rcbc134,TGCAGCAAGATT,AATGATACGGCGACCACCGAGATCTACACGCCTCCCTCGCGCCATCAGAGATGTG,769015,T1,Kylie
344,0.0,15154.0,F35,135.0,CAAGCAGAAGACGGCATACGAGAT AGCAACATTGCA AGTCAGTCAG CC GGACTACHVGGGTWTCTAAT        806rcbc135,AGCAACATTGCA,AATGATACGGCGACCACCGAGATCTACACGCCTCCCTCGCGCCATCAGAGATGTG,769017,T1,Kylie
345,0.0,27457.0,F36,136.0,CAAGCAGAAGACGGCATACGAGAT GATGTGGTGTTA AGTCAGTCAG CC GGACTACHVGGGTWTCTAAT        806rcbc136,GATGTGGTGTTA,AATGATACGGCGACCACCGAGATCTACACGCCTCCCTCGCGCCATCAGAGATGTG,769018,T1,Kylie
346,0.0,34783.0,F37,137.0,CAAGCAGAAGACGGCATACGAGAT CAGAAATGTGTC AGTCAGTCAG CC GGACTACHVGGGTWTCTAAT        806rcbc137,CAGAAATGTGTC,AATGATACGGCGACCACCGAGATCTACACGCCTCCCTCGCGCCATCAGAGATGTG,769020,T1,Kylie
347,0.0,8138.0,F38,138.0,CAAGCAGAAGACGGCATACGAGAT GTAGAGGTAGAG AGTCAGTCAG CC GGACTACHVGGGTWTCTAAT        806rcbc138,GTAGAGGTAGAG,AATGATACGGCGACCACCGAGATCTACACGCCTCCCTCGCGCCATCAGAGATGTG,769001,T2,Kylie
348,0.0,24275.0,F39,139.0,CAAGCAGAAGACGGCATACGAGAT CGTGATCCGCTA AGTCAGTCAG CC GGACTACHVGGGTWTCTAAT        806rcbc139,CGTGATCCGCTA,AATGATACGGCGACCACCGAGATCTACACGCCTCCCTCGCGCCATCAGAGATGTG,769002,T2,Kylie
349,0.0,16212.0,F4,99.0,CAAGCAGAAGACGGCATACGAGAT GCCTAGCCCAAT AGTCAGTCAG CC GGACTACHVGGGTWTCTAAT        806rcbc99,GCCTAGCCCAAT,AATGATACGGCGACCACCGAGATCTACACGCCTCCCTCGCGCCATCAGAGATGTG,769055,T1,Kylie
350,0.0,19869.0,F40,140.0,CAAGCAGAAGACGGCATACGAGAT GGTTATTTGGCG AGTCAGTCAG CC GGACTACHVGGGTWTCTAAT        806rcbc140,GGTTATTTGGCG,AATGATACGGCGACCACCGAGATCTACACGCCTCCCTCGCGCCATCAGAGATGTG,769004,T2,Kylie
351,0.0,14393.0,F41,141.0,CAAGCAGAAGACGGCATACGAGAT GGATCGTAATAC AGTCAGTCAG CC GGACTACHVGGGTWTCTAAT        806rcbc141,GGATCGTAATAC,AATGATACGGCGACCACCGAGATCTACACGCCTCCCTCGCGCCATCAGAGATGTG,769005,T2,Kylie
352,1907.0,18387.0,F42,142.0,CAAGCAGAAGACGGCATACGAGAT GCATAGCATCAA AGTCAGTCAG CC GGACTACHVGGGTWTCTAAT        806rcbc142,GCATAGCATCAA,AATGATACGGCGACCACCGAGATCTACACGCCTCCCTCGCGCCATCAGAGATGTG,769006,T2,Kylie
353,1295.0,8206.0,F43,143.0,CAAGCAGAAGACGGCATACGAGAT GTGTTAGATGTG AGTCAGTCAG CC GGACTACHVGGGTWTCTAAT        806rcbc143,GTGTTAGATGTG,AATGATACGGCGACCACCGAGATCTACACGCCTCCCTCGCGCCATCAGAGATGTG,769007,T2,Kylie
354,0.0,7434.0,F44,144.0,CAAGCAGAAGACGGCATACGAGAT TTAGAGCCATGC AGTCAGTCAG CC GGACTACHVGGGTWTCTAAT        806rcbc144,TTAGAGCCATGC,AATGATACGGCGACCACCGAGATCTACACGCCTCCCTCGCGCCATCAGAGATGTG,769015,T2,Kylie
355,0.0,13431.0,F45,145.0,CAAGCAGAAGACGGCATACGAGAT TGAACCCTATGG AGTCAGTCAG CC GGACTACHVGGGTWTCTAAT        806rcbc145,TGAACCCTATGG,AATGATACGGCGACCACCGAGATCTACACGCCTCCCTCGCGCCATCAGAGATGTG,769017,T2,Kylie
356,0.0,7504.0,F46,90.0,CAAGCAGAAGACGGCATACGAGAT ATGTCACCGCTG AGTCAGTCAG CC GGACTACHVGGGTWTCTAAT        806rcbc90,ATGTCACCGCTG,AATGATACGGCGACCACCGAGATCTACACGCCTCCCTCGCGCCATCAGAGATGTG,769018,T2,Kylie
357,0.0,39116.0,F5,361.0,CAAGCAGAAGACGGCATACGAGAT TCGATTGGCCGT AGTCAGTCAG CC GGACTACHVGGGTWTCTAAT        806rcbc361,TCGATTGGCCGT,AATGATACGGCGACCACCGAGATCTACACGCCTCCCTCGCGCCATCAGAGATGTG,769056,HC,Kylie
358,0.0,35318.0,F6,102.0,CAAGCAGAAGACGGCATACGAGAT GTCACGGACATT AGTCAGTCAG CC GGACTACHVGGGTWTCTAAT        806rcbc102,GTCACGGACATT,AATGATACGGCGACCACCGAGATCTACACGCCTCCCTCGCGCCATCAGAGATGTG,769057,HC,Kylie
359,0.0,20239.0,F7,103.0,CAAGCAGAAGACGGCATACGAGAT GCGAGCGAAGTA AGTCAGTCAG CC GGACTACHVGGGTWTCTAAT        806rcbc103,GCGAGCGAAGTA,AATGATACGGCGACCACCGAGATCTACACGCCTCCCTCGCGCCATCAGAGATGTG,769058,HC,Kylie
360,0.0,49014.0,F8,104.0,CAAGCAGAAGACGGCATACGAGAT ATCTACCGAAGC AGTCAGTCAG CC GGACTACHVGGGTWTCTAAT        806rcbc104,ATCTACCGAAGC,AATGATACGGCGACCACCGAGATCTACACGCCTCCCTCGCGCCATCAGAGATGTG,769059,HC,Kylie
361,0.0,31124.0,F9,105.0,CAAGCAGAAGACGGCATACGAGAT ACTTGGTGTAAG AGTCAGTCAG CC GGACTACHVGGGTWTCTAAT        806rcbc105,ACTTGGTGTAAG,AATGATACGGCGACCACCGAGATCTACACGCCTCCCTCGCGCCATCAGAGATGTG,769060,HC,Kylie
37,0.0,2895.0,17,167.0,CAAGCAGAAGACGGCATACGAGAT CGCTACAACTCG AGTCAGTCAG CC GGACTACHVGGGTWTCTAAT        806rcbc167,CGCTACAACTCG,AATGATACGGCGACCACCGAGATCTACACGCCTCCCTCGCGCCATCAGAGATGTG,469066,HC,Kylie
38,0.0,21780.0,18,146.0,CAAGCAGAAGACGGCATACGAGAT AGAGTCTTGCCA AGTCAGTCAG CC GGACTACHVGGGTWTCTAAT        806rcbc146,AGAGTCTTGCCA,AATGATACGGCGACCACCGAGATCTACACGCCTCCCTCGCGCCATCAGAGATGTG,369074,T2,Kylie
4,0.0,14415.0,5,266.0,CAAGCAGAAGACGGCATACGAGAT TGGCTTTCTATC AGTCAGTCAG CC GGACTACHVGGGTWTCTAAT        806rcbc266,TGGCTTTCTATC,AATGATACGGCGACCACCGAGATCTACACGCCTCCCTCGCGCCATCAGAGATGTG,DR,,Devanshi
41,0.0,10121.0,21,171.0,CAAGCAGAAGACGGCATACGAGAT TGGGTCCCACAT AGTCAGTCAG CC GGACTACHVGGGTWTCTAAT        806rcbc171,TGGGTCCCACAT,AATGATACGGCGACCACCGAGATCTACACGCCTCCCTCGCGCCATCAGAGATGTG,369078,HC,Kylie
43,0.0,25640.0,23,147.0,CAAGCAGAAGACGGCATACGAGAT ACAACACTCCGA AGTCAGTCAG CC GGACTACHVGGGTWTCTAAT        806rcbc147,ACAACACTCCGA,AATGATACGGCGACCACCGAGATCTACACGCCTCCCTCGCGCCATCAGAGATGTG,708,T2,Kylie
44,0.0,13999.0,24,174.0,CAAGCAGAAGACGGCATACGAGAT AGTTGTAGTCCG AGTCAGTCAG CC GGACTACHVGGGTWTCTAAT        806rcbc174,AGTTGTAGTCCG,AATGATACGGCGACCACCGAGATCTACACGCCTCCCTCGCGCCATCAGAGATGTG,469076,HC,Kylie
45,0.0,8017.0,25,175.0,CAAGCAGAAGACGGCATACGAGAT TCGTCAAACCCG AGTCAGTCAG CC GGACTACHVGGGTWTCTAAT        806rcbc175,TCGTCAAACCCG,AATGATACGGCGACCACCGAGATCTACACGCCTCCCTCGCGCCATCAGAGATGTG,469021,T2,Kylie
5,0.0,15072.0,6,267.0,CAAGCAGAAGACGGCATACGAGAT ACAGCTCAAACA AGTCAGTCAG CC GGACTACHVGGGTWTCTAAT        806rcbc267,ACAGCTCAAACA,AATGATACGGCGACCACCGAGATCTACACGCCTCCCTCGCGCCATCAGAGATGTG,DR,,Devanshi
50,0.0,27215.0,30,180.0,CAAGCAGAAGACGGCATACGAGAT GTGCAACCAATC AGTCAGTCAG CC GGACTACHVGGGTWTCTAAT        806rcbc180,GTGCAACCAATC,AATGATACGGCGACCACCGAGATCTACACGCCTCCCTCGCGCCATCAGAGATGTG,469046,T2,Kylie
51,0.0,7202.0,31,181.0,CAAGCAGAAGACGGCATACGAGAT GCTTGAGCTTGA AGTCAGTCAG CC GGACTACHVGGGTWTCTAAT        806rcbc181,GCTTGAGCTTGA,AATGATACGGCGACCACCGAGATCTACACGCCTCCCTCGCGCCATCAGAGATGTG,720,T1,Kylie
52,0.0,9907.0,32,182.0,CAAGCAGAAGACGGCATACGAGAT CGCTGTGGATTA AGTCAGTCAG CC GGACTACHVGGGTWTCTAAT        806rcbc182,CGCTGTGGATTA,AATGATACGGCGACCACCGAGATCTACACGCCTCCCTCGCGCCATCAGAGATGTG,469004,T1,Kylie
53,0.0,9087.0,33,183.0,CAAGCAGAAGACGGCATACGAGAT CTGTCAGTGACC AGTCAGTCAG CC GGACTACHVGGGTWTCTAAT        806rcbc183,CTGTCAGTGACC,AATGATACGGCGACCACCGAGATCTACACGCCTCCCTCGCGCCATCAGAGATGTG,369029,HC,Kylie
55,0.0,31889.0,35,148.0,CAAGCAGAAGACGGCATACGAGAT CGATGCTGTTGA AGTCAGTCAG CC GGACTACHVGGGTWTCTAAT        806rcbc148,CGATGCTGTTGA,AATGATACGGCGACCACCGAGATCTACACGCCTCCCTCGCGCCATCAGAGATGTG,469106,T1,Kylie
57,0.0,23631.0,37,187.0,CAAGCAGAAGACGGCATACGAGAT TATGTGCCGGCT AGTCAGTCAG CC GGACTACHVGGGTWTCTAAT        806rcbc187,TATGTGCCGGCT,AATGATACGGCGACCACCGAGATCTACACGCCTCCCTCGCGCCATCAGAGATGTG,469025,T1,Kylie
58,0.0,24804.0,38,188.0,CAAGCAGAAGACGGCATACGAGAT TGGTCGCATCGT AGTCAGTCAG CC GGACTACHVGGGTWTCTAAT        806rcbc188,TGGTCGCATCGT,AATGATACGGCGACCACCGAGATCTACACGCCTCCCTCGCGCCATCAGAGATGTG,714,T1,Kylie
59,0.0,25626.0,39,189.0,CAAGCAGAAGACGGCATACGAGAT TGTAAGACTTGG AGTCAGTCAG CC GGACTACHVGGGTWTCTAAT        806rcbc189,TGTAAGACTTGG,AATGATACGGCGACCACCGAGATCTACACGCCTCCCTCGCGCCATCAGAGATGTG,369069,HC,Kylie
6,0.0,4038.0,7,268.0,CAAGCAGAAGACGGCATACGAGAT GAGCGTATCCAT AGTCAGTCAG CC GGACTACHVGGGTWTCTAAT        806rcbc268,GAGCGTATCCAT,AATGATACGGCGACCACCGAGATCTACACGCCTCCCTCGCGCCATCAGAGATGTG,DR,,Devanshi
61,0.0,4070.0,41,191.0,CAAGCAGAAGACGGCATACGAGAT CGATCTTCGAGC AGTCAGTCAG CC GGACTACHVGGGTWTCTAAT        806rcbc191,CGATCTTCGAGC,AATGATACGGCGACCACCGAGATCTACACGCCTCCCTCGCGCCATCAGAGATGTG,469015,T2,Kylie
62,1291.0,14684.0,42,192.0,CAAGCAGAAGACGGCATACGAGAT GTCGAATTTGCG AGTCAGTCAG CC GGACTACHVGGGTWTCTAAT        806rcbc192,GTCGAATTTGCG,AATGATACGGCGACCACCGAGATCTACACGCCTCCCTCGCGCCATCAGAGATGTG,469021,T1,Kylie
63,0.0,14020.0,43,149.0,CAAGCAGAAGACGGCATACGAGAT ACGACTGCATAA AGTCAGTCAG CC GGACTACHVGGGTWTCTAAT        806rcbc149,ACGACTGCATAA,AATGATACGGCGACCACCGAGATCTACACGCCTCCCTCGCGCCATCAGAGATGTG,369123,T2,Kylie
65,0.0,1570.0,45,150.0,CAAGCAGAAGACGGCATACGAGAT ACGCGAACTAAT AGTCAGTCAG CC GGACTACHVGGGTWTCTAAT        806rcbc150,ACGCGAACTAAT,AATGATACGGCGACCACCGAGATCTACACGCCTCCCTCGCGCCATCAGAGATGTG,469030,T2,Kylie
66,0.0,21106.0,46,196.0,CAAGCAGAAGACGGCATACGAGAT CGCTCACAGAAT AGTCAGTCAG CC GGACTACHVGGGTWTCTAAT        806rcbc196,CGCTCACAGAAT,AATGATACGGCGACCACCGAGATCTACACGCCTCCCTCGCGCCATCAGAGATGTG,707,T1,Kylie
67,0.0,10728.0,47,197.0,CAAGCAGAAGACGGCATACGAGAT ATTCGGTAGTGC AGTCAGTCAG CC GGACTACHVGGGTWTCTAAT        806rcbc197,ATTCGGTAGTGC,AATGATACGGCGACCACCGAGATCTACACGCCTCCCTCGCGCCATCAGAGATGTG,469024,T2,Kylie
68,0.0,15245.0,48,198.0,CAAGCAGAAGACGGCATACGAGAT CGAGCTGTTACC AGTCAGTCAG CC GGACTACHVGGGTWTCTAAT        806rcbc198,CGAGCTGTTACC,AATGATACGGCGACCACCGAGATCTACACGCCTCCCTCGCGCCATCAGAGATGTG,469051,HC,Kylie
74,0.0,17237.0,54,204.0,CAAGCAGAAGACGGCATACGAGAT AGGGTGACTTTA AGTCAGTCAG CC GGACTACHVGGGTWTCTAAT        806rcbc204,AGGGTGACTTTA,AATGATACGGCGACCACCGAGATCTACACGCCTCCCTCGCGCCATCAGAGATGTG,469013,T1,Kylie
75,0.0,12057.0,55,205.0,CAAGCAGAAGACGGCATACGAGAT GACTTCATGCGA AGTCAGTCAG CC GGACTACHVGGGTWTCTAAT        806rcbc205,GACTTCATGCGA,AATGATACGGCGACCACCGAGATCTACACGCCTCCCTCGCGCCATCAGAGATGTG,469036,T1,Kylie
78,0.0,19962.0,58,208.0,CAAGCAGAAGACGGCATACGAGAT TTCGATGCCGCA AGTCAGTCAG CC GGACTACHVGGGTWTCTAAT        806rcbc208,TTCGATGCCGCA,AATGATACGGCGACCACCGAGATCTACACGCCTCCCTCGCGCCATCAGAGATGTG,469070,HC,Kylie
8,0.0,7201.0,9,270.0,CAAGCAGAAGACGGCATACGAGAT GATCTCTGGGTA AGTCAGTCAG CC GGACTACHVGGGTWTCTAAT        806rcbc270,GATCTCTGGGTA,AATGATACGGCGACCACCGAGATCTACACGCCTCCCTCGCGCCATCAGAGATGTG,DR,,Devanshi
81,0.0,12631.0,61,211.0,CAAGCAGAAGACGGCATACGAGAT TGCACGTGATAA AGTCAGTCAG CC GGACTACHVGGGTWTCTAAT        806rcbc211,TGCACGTGATAA,AATGATACGGCGACCACCGAGATCTACACGCCTCCCTCGCGCCATCAGAGATGTG,469043,T1,Kylie
82,0.0,10024.0,62,152.0,CAAGCAGAAGACGGCATACGAGAT ACGGGTCATCAT AGTCAGTCAG CC GGACTACHVGGGTWTCTAAT        806rcbc152,ACGGGTCATCAT,AATGATACGGCGACCACCGAGATCTACACGCCTCCCTCGCGCCATCAGAGATGTG,369007,T1,Kylie
83,0.0,27415.0,63,213.0,CAAGCAGAAGACGGCATACGAGAT AAGACAGCTATC AGTCAGTCAG CC GGACTACHVGGGTWTCTAAT        806rcbc213,AAGACAGCTATC,AATGATACGGCGACCACCGAGATCTACACGCCTCCCTCGCGCCATCAGAGATGTG,369107,T2,Kylie
84,0.0,5293.0,64,153.0,CAAGCAGAAGACGGCATACGAGAT GAAACATCCCAC AGTCAGTCAG CC GGACTACHVGGGTWTCTAAT        806rcbc153,GAAACATCCCAC,AATGATACGGCGACCACCGAGATCTACACGCCTCCCTCGCGCCATCAGAGATGTG,469108,T1,Kylie
85,0.0,2752.0,65,215.0,CAAGCAGAAGACGGCATACGAGAT TTCTCCATCACA AGTCAGTCAG CC GGACTACHVGGGTWTCTAAT        806rcbc215,TTCTCCATCACA,AATGATACGGCGACCACCGAGATCTACACGCCTCCCTCGCGCCATCAGAGATGTG,469060,HC,Kylie
89,0.0,38061.0,69,219.0,CAAGCAGAAGACGGCATACGAGAT TGGTTGGTTACG AGTCAGTCAG CC GGACTACHVGGGTWTCTAAT        806rcbc219,TGGTTGGTTACG,AATGATACGGCGACCACCGAGATCTACACGCCTCCCTCGCGCCATCAGAGATGTG,469055,HC,Kylie
9,0.0,16081.0,10,271.0,CAAGCAGAAGACGGCATACGAGAT CATCATACGGGT AGTCAGTCAG CC GGACTACHVGGGTWTCTAAT        806rcbc271,CATCATACGGGT,AATGATACGGCGACCACCGAGATCTACACGCCTCCCTCGCGCCATCAGAGATGTG,DR,,Devanshi
91,0.0,2011.0,71,221.0,CAAGCAGAAGACGGCATACGAGAT CAACGTGCTCCA AGTCAGTCAG CC GGACTACHVGGGTWTCTAAT        806rcbc221,CAACGTGCTCCA,AATGATACGGCGACCACCGAGATCTACACGCCTCCCTCGCGCCATCAGAGATGTG,369072,HC,Kylie
94,0.0,5900.0,74,224.0,CAAGCAGAAGACGGCATACGAGAT GTAATGCGTAAC AGTCAGTCAG CC GGACTACHVGGGTWTCTAAT        806rcbc224,GTAATGCGTAAC,AATGATACGGCGACCACCGAGATCTACACGCCTCCCTCGCGCCATCAGAGATGTG,469113,T2,Kylie
