index,d__Bacteria;p__Bacteroidota;c__Bacteroidia;o__Bacteroidales,d__Bacteria;p__Actinobacteriota;c__Actinobacteria;o__Bifidobacteriales,d__Bacteria;p__Firmicutes;c__Clostridia;o__Oscillospirales,d__Bacteria;p__Firmicutes;c__Bacilli;o__Lactobacillales,d__Bacteria;p__Firmicutes;c__Clostridia;o__Lachnospirales,d__Bacteria;p__Firmicutes;c__Clostridia;o__Clostridia_UCG-014,d__Bacteria;p__Firmicutes;c__Bacilli;o__Erysipelotrichales,d__Bacteria;p__Firmicutes;c__Clostridia;o__Peptostreptococcales-Tissierellales,d__Bacteria;p__Firmicutes;c__Negativicutes;o__Veillonellales-Selenomonadales,d__Bacteria;p__Proteobacteria;c__Gammaproteobacteria;o__Enterobacterales,d__Bacteria;p__Verrucomicrobiota;c__Verrucomicrobiae;o__Verrucomicrobiales,d__Bacteria;p__Actinobacteriota;c__Coriobacteriia;o__Coriobacteriales,d__Bacteria;p__Firmicutes;c__Clostridia;o__Eubacteriales,d__Bacteria;p__Firmicutes;c__Clostridia;o__Christensenellales,d__Bacteria;p__Firmicutes;c__Clostridia;o__Clostridiales,d__Bacteria;p__Firmicutes;c__Negativicutes;o__Acidaminococcales,d__Archaea;p__Euryarchaeota;c__Methanobacteria;o__Methanobacteriales,d__Bacteria;p__Firmicutes;c__Clostridia;o__Monoglobales,d__Bacteria;p__Proteobacteria;c__Gammaproteobacteria;o__Aeromonadales,d__Bacteria;p__Desulfobacterota;c__Desulfovibrionia;o__Desulfovibrionales,d__Bacteria;p__Proteobacteria;c__Alphaproteobacteria;o__Rhodospirillales,d__Bacteria;p__Proteobacteria;c__Gammaproteobacteria;o__Pasteurellales,d__Bacteria;p__Firmicutes;c__Bacilli;o__RF39,d__Bacteria;p__Proteobacteria;c__Gammaproteobacteria;o__Pseudomonadales,d__Bacteria;p__Actinobacteriota;c__Actinobacteria;o__Actinomycetales,d__Bacteria;p__Proteobacteria;c__Gammaproteobacteria;o__Burkholderiales,d__Bacteria;p__Synergistota;c__Synergistia;o__Synergistales,id-orig,BarcodeNumber,BarcodeSequenceFull,BarcodeSequence,LinkerPrimerSequence,StudyID,Timepoint,Person
100,0.0,1186.0,866.0,11.0,672.0,0.0,240.0,182.0,33.0,32.0,0.0,3237.0,0.0,0.0,17.0,0.0,0.0,21.0,0.0,0.0,0.0,0.0,0.0,0.0,13.0,0.0,0.0,80,230.0,CAAGCAGAAGACGGCATACGAGAT GGTTCCATTAGG AGTCAGTCAG CC GGACTACHVGGGTWTCTAAT        806rcbc230,GGTTCCATTAGG,AATGATACGGCGACCACCGAGATCTACACGCCTCCCTCGCGCCATCAGAGATGTG,369026,HC,Kylie
101,8245.0,6008.0,5875.0,2714.0,5476.0,0.0,3681.0,272.0,54.0,2946.0,323.0,3303.0,0.0,39.0,35.0,253.0,1723.0,17.0,0.0,84.0,0.0,0.0,0.0,0.0,12.0,17.0,0.0,81,231.0,CAAGCAGAAGACGGCATACGAGAT GTGTTCCCAGAA AGTCAGTCAG CC GGACTACHVGGGTWTCTAAT        806rcbc231,GTGTTCCCAGAA,AATGATACGGCGACCACCGAGATCTACACGCCTCCCTCGCGCCATCAGAGATGTG,369101,HC,Kylie
104,1653.0,31.0,3771.0,2440.0,9941.0,0.0,1467.0,221.0,0.0,4.0,281.0,2695.0,0.0,10.0,0.0,144.0,0.0,94.0,0.0,0.0,0.0,0.0,0.0,0.0,11.0,0.0,0.0,84,234.0,CAAGCAGAAGACGGCATACGAGAT CTCGTGAATGAC AGTCAGTCAG CC GGACTACHVGGGTWTCTAAT        806rcbc234,CTCGTGAATGAC,AATGATACGGCGACCACCGAGATCTACACGCCTCCCTCGCGCCATCAGAGATGTG,469027,T1,Kylie
114,3930.0,0.0,14150.0,2538.0,9831.0,0.0,681.0,3246.0,0.0,0.0,0.0,1416.0,0.0,0.0,0.0,0.0,0.0,6.0,0.0,0.0,0.0,0.0,0.0,0.0,6.0,0.0,0.0,94,244.0,CAAGCAGAAGACGGCATACGAGAT GAGACGTGTTCT AGTCAGTCAG CC GGACTACHVGGGTWTCTAAT        806rcbc244,GAGACGTGTTCT,AATGATACGGCGACCACCGAGATCTACACGCCTCCCTCGCGCCATCAGAGATGTG,469108,T2,Kylie
115,295.0,4603.0,1048.0,185.0,7367.0,0.0,5846.0,42.0,0.0,0.0,93.0,525.0,28.0,0.0,0.0,153.0,0.0,0.0,0.0,17.0,0.0,0.0,0.0,0.0,14.0,10.0,0.0,95,245.0,CAAGCAGAAGACGGCATACGAGAT TATCACCGGCAC AGTCAGTCAG CC GGACTACHVGGGTWTCTAAT        806rcbc245,TATCACCGGCAC,AATGATACGGCGACCACCGAGATCTACACGCCTCCCTCGCGCCATCAGAGATGTG,708,T1,Kylie
125,7117.0,10173.0,1384.0,146.0,7890.0,0.0,44.0,33.0,153.0,40.0,2.0,26.0,0.0,0.0,1526.0,0.0,0.0,0.0,0.0,0.0,0.0,2.0,0.0,0.0,7.0,215.0,0.0,105,255.0,CAAGCAGAAGACGGCATACGAGAT AATGACCTCGTG AGTCAGTCAG CC GGACTACHVGGGTWTCTAAT        806rcbc255,AATGACCTCGTG,AATGATACGGCGACCACCGAGATCTACACGCCTCCCTCGCGCCATCAGAGATGTG,718,T1,Kylie
128,137.0,0.0,513.0,99.0,1014.0,0.0,1336.0,2184.0,0.0,211.0,0.0,1179.0,2535.0,83.0,0.0,0.0,0.0,0.0,0.0,0.0,0.0,0.0,0.0,0.0,5.0,0.0,0.0,108,258.0,CAAGCAGAAGACGGCATACGAGAT GAGAGTCCACTT AGTCAGTCAG CC GGACTACHVGGGTWTCTAAT        806rcbc258,GAGAGTCCACTT,AATGATACGGCGACCACCGAGATCTACACGCCTCCCTCGCGCCATCAGAGATGTG,369017,T1,Kylie
129,117.0,270.0,1071.0,16.0,830.0,25.0,118.0,0.0,45.0,0.0,2.0,161.0,0.0,67.0,0.0,12.0,0.0,73.0,0.0,0.0,0.0,0.0,0.0,0.0,0.0,0.0,0.0,109,259.0,CAAGCAGAAGACGGCATACGAGAT GAACGGGACGTA AGTCAGTCAG CC GGACTACHVGGGTWTCTAAT        806rcbc259,GAACGGGACGTA,AATGATACGGCGACCACCGAGATCTACACGCCTCCCTCGCGCCATCAGAGATGTG,369104,HC,Kylie
133,7176.0,3.0,5915.0,20.0,5515.0,1045.0,450.0,63.0,1955.0,0.0,0.0,514.0,0.0,17.0,0.0,0.0,0.0,117.0,0.0,65.0,0.0,0.0,0.0,0.0,0.0,206.0,0.0,113,284.0,CAAGCAGAAGACGGCATACGAGAT ATAACATGTGCG AGTCAGTCAG CC GGACTACHVGGGTWTCTAAT        806rcbc284,ATAACATGTGCG,AATGATACGGCGACCACCGAGATCTACACGCCTCCCTCGCGCCATCAGAGATGTG,369106,HC,Kylie
134,393.0,1736.0,9504.0,90.0,6290.0,484.0,2009.0,53.0,355.0,16.0,85.0,3111.0,5.0,140.0,8.0,172.0,388.0,9.0,0.0,0.0,0.0,0.0,0.0,0.0,11.0,0.0,0.0,114,285.0,CAAGCAGAAGACGGCATACGAGAT CTTGAGAAATCG AGTCAGTCAG CC GGACTACHVGGGTWTCTAAT        806rcbc285,CTTGAGAAATCG,AATGATACGGCGACCACCGAGATCTACACGCCTCCCTCGCGCCATCAGAGATGTG,369137,HC,Kylie
135,4593.0,89.0,152.0,9.0,1581.0,0.0,382.0,3.0,0.0,24.0,0.0,56.0,48.0,0.0,0.0,95.0,0.0,0.0,0.0,26.0,0.0,0.0,0.0,0.0,0.0,38.0,0.0,115,286.0,CAAGCAGAAGACGGCATACGAGAT CTACACAGCACA AGTCAGTCAG CC GGACTACHVGGGTWTCTAAT        806rcbc286,CTACACAGCACA,AATGATACGGCGACCACCGAGATCTACACGCCTCCCTCGCGCCATCAGAGATGTG,369096,T1,Kylie
136,47.0,0.0,2409.0,27.0,1349.0,0.0,1533.0,14.0,0.0,0.0,162.0,281.0,0.0,125.0,0.0,0.0,0.0,230.0,0.0,0.0,0.0,0.0,0.0,0.0,0.0,3.0,0.0,116,287.0,CAAGCAGAAGACGGCATACGAGAT GAAATGCTACGT AGTCAGTCAG CC GGACTACHVGGGTWTCTAAT        806rcbc287,GAAATGCTACGT,AATGATACGGCGACCACCGAGATCTACACGCCTCCCTCGCGCCATCAGAGATGTG,469063,HC,Kylie
137,1803.0,3047.0,16540.0,376.0,4404.0,0.0,698.0,400.0,1244.0,11.0,30.0,384.0,0.0,24.0,400.0,0.0,0.0,59.0,0.0,0.0,0.0,3.0,0.0,0.0,7.0,39.0,0.0,117,288.0,CAAGCAGAAGACGGCATACGAGAT TCTGAGGTTGCC AGTCAGTCAG CC GGACTACHVGGGTWTCTAAT        806rcbc288,TCTGAGGTTGCC,AATGATACGGCGACCACCGAGATCTACACGCCTCCCTCGCGCCATCAGAGATGTG,469062,HC,Kylie
138,7718.0,11.0,4723.0,1186.0,5642.0,0.0,1630.0,260.0,0.0,0.0,2669.0,662.0,159.0,34.0,0.0,227.0,0.0,780.0,0.0,0.0,0.0,0.0,0.0,0.0,0.0,0.0,138.0,118,289.0,CAAGCAGAAGACGGCATACGAGAT GATCATTCTCTC AGTCAGTCAG CC GGACTACHVGGGTWTCTAAT        806rcbc289,GATCATTCTCTC,AATGATACGGCGACCACCGAGATCTACACGCCTCCCTCGCGCCATCAGAGATGTG,469045,T1,Kylie
139,1841.0,3363.0,17098.0,1219.0,3634.0,0.0,573.0,452.0,379.0,69.0,0.0,4110.0,8.0,60.0,162.0,257.0,0.0,113.0,0.0,8.0,0.0,0.0,0.0,0.0,23.0,0.0,0.0,119,290.0,CAAGCAGAAGACGGCATACGAGAT AGACATACCGTA AGTCAGTCAG CC GGACTACHVGGGTWTCTAAT        806rcbc290,AGACATACCGTA,AATGATACGGCGACCACCGAGATCTACACGCCTCCCTCGCGCCATCAGAGATGTG,369042,HC,Kylie
140,6067.0,171.0,4895.0,2078.0,5217.0,158.0,183.0,139.0,130.0,0.0,547.0,82.0,0.0,0.0,8.0,0.0,0.0,206.0,0.0,18.0,0.0,0.0,0.0,0.0,8.0,34.0,0.0,120,291.0,CAAGCAGAAGACGGCATACGAGAT GATCCTCATGCG AGTCAGTCAG CC GGACTACHVGGGTWTCTAAT        806rcbc291,GATCCTCATGCG,AATGATACGGCGACCACCGAGATCTACACGCCTCCCTCGCGCCATCAGAGATGTG,369080,T1,Kylie
141,238.0,13446.0,7881.0,786.0,4692.0,0.0,272.0,2476.0,240.0,75.0,0.0,5806.0,0.0,54.0,4.0,0.0,0.0,18.0,0.0,6.0,0.0,0.0,0.0,0.0,0.0,0.0,0.0,121,292.0,CAAGCAGAAGACGGCATACGAGAT ATTATCGTCCCT AGTCAGTCAG CC GGACTACHVGGGTWTCTAAT        806rcbc292,ATTATCGTCCCT,AATGATACGGCGACCACCGAGATCTACACGCCTCCCTCGCGCCATCAGAGATGTG,369065,HC,Kylie
142,7493.0,5.0,3105.0,36.0,4257.0,0.0,37.0,57.0,0.0,0.0,0.0,23.0,7.0,0.0,2.0,173.0,0.0,13.0,0.0,0.0,0.0,2.0,0.0,0.0,0.0,24.0,0.0,122,293.0,CAAGCAGAAGACGGCATACGAGAT CCAGACCGCTAT AGTCAGTCAG CC GGACTACHVGGGTWTCTAAT        806rcbc293,CCAGACCGCTAT,AATGATACGGCGACCACCGAGATCTACACGCCTCCCTCGCGCCATCAGAGATGTG,711,T1,Kylie
143,1122.0,1134.0,9805.0,0.0,1259.0,0.0,452.0,170.0,0.0,22.0,0.0,425.0,71.0,5334.0,153.0,0.0,0.0,6.0,0.0,7.0,0.0,0.0,0.0,0.0,0.0,0.0,0.0,123,294.0,CAAGCAGAAGACGGCATACGAGAT AGCTCTAGAAAC AGTCAGTCAG CC GGACTACHVGGGTWTCTAAT        806rcbc294,AGCTCTAGAAAC,AATGATACGGCGACCACCGAGATCTACACGCCTCCCTCGCGCCATCAGAGATGTG,369120,T1,Kylie
144,2412.0,305.0,13795.0,123.0,4776.0,0.0,219.0,131.0,1047.0,4.0,0.0,2211.0,6.0,0.0,11.0,0.0,0.0,167.0,0.0,40.0,0.0,0.0,0.0,0.0,9.0,107.0,0.0,124,295.0,CAAGCAGAAGACGGCATACGAGAT TCCATCGACGTG AGTCAGTCAG CC GGACTACHVGGGTWTCTAAT        806rcbc295,TCCATCGACGTG,AATGATACGGCGACCACCGAGATCTACACGCCTCCCTCGCGCCATCAGAGATGTG,369051,HC,Kylie
145,269.0,0.0,6871.0,1452.0,13963.0,0.0,7166.0,25.0,6.0,0.0,0.0,154.0,0.0,46.0,0.0,24.0,0.0,314.0,0.0,0.0,0.0,0.0,0.0,0.0,0.0,0.0,0.0,125,296.0,CAAGCAGAAGACGGCATACGAGAT CGATGTGTGGTT AGTCAGTCAG CC GGACTACHVGGGTWTCTAAT        806rcbc296,CGATGTGTGGTT,AATGATACGGCGACCACCGAGATCTACACGCCTCCCTCGCGCCATCAGAGATGTG,469042,T1,Kylie
146,394.0,72.0,10444.0,185.0,5800.0,13.0,252.0,56.0,0.0,3.0,113.0,1881.0,0.0,7.0,6.0,119.0,0.0,1998.0,0.0,0.0,0.0,0.0,0.0,0.0,21.0,12.0,0.0,126,297.0,CAAGCAGAAGACGGCATACGAGAT GCGAAGTTGGGA AGTCAGTCAG CC GGACTACHVGGGTWTCTAAT        806rcbc297,GCGAAGTTGGGA,AATGATACGGCGACCACCGAGATCTACACGCCTCCCTCGCGCCATCAGAGATGTG,469065,HC,Kylie
147,3.0,45.0,1610.0,31.0,650.0,0.0,81.0,0.0,4.0,0.0,41.0,221.0,0.0,4.0,0.0,0.0,0.0,138.0,0.0,0.0,0.0,0.0,0.0,0.0,3.0,0.0,0.0,127,298.0,CAAGCAGAAGACGGCATACGAGAT GCATTCGGCGTT AGTCAGTCAG CC GGACTACHVGGGTWTCTAAT        806rcbc298,GCATTCGGCGTT,AATGATACGGCGACCACCGAGATCTACACGCCTCCCTCGCGCCATCAGAGATGTG,369070,HC,Kylie
148,5099.0,3091.0,9965.0,206.0,13488.0,0.0,5294.0,30.0,0.0,0.0,144.0,104.0,5.0,0.0,8.0,382.0,0.0,493.0,0.0,5.0,0.0,0.0,0.0,0.0,8.0,15.0,0.0,128,299.0,CAAGCAGAAGACGGCATACGAGAT CGCCATTGTGCA AGTCAGTCAG CC GGACTACHVGGGTWTCTAAT        806rcbc299,CGCCATTGTGCA,AATGATACGGCGACCACCGAGATCTACACGCCTCCCTCGCGCCATCAGAGATGTG,369118,HC,Kylie
149,4.0,5459.0,114.0,65.0,3866.0,0.0,1925.0,178.0,7.0,199.0,0.0,2771.0,0.0,0.0,2.0,0.0,0.0,0.0,0.0,0.0,0.0,0.0,0.0,0.0,7.0,0.0,0.0,129,300.0,CAAGCAGAAGACGGCATACGAGAT TCCAACTGCAGA AGTCAGTCAG CC GGACTACHVGGGTWTCTAAT        806rcbc300,TCCAACTGCAGA,AATGATACGGCGACCACCGAGATCTACACGCCTCCCTCGCGCCATCAGAGATGTG,469067,HC,Kylie
150,10196.0,3430.0,5692.0,1244.0,7632.0,0.0,232.0,107.0,1181.0,0.0,551.0,84.0,0.0,0.0,0.0,93.0,0.0,388.0,0.0,38.0,0.0,5.0,0.0,0.0,0.0,0.0,0.0,130,301.0,CAAGCAGAAGACGGCATACGAGAT TAAAGACCCGTA AGTCAGTCAG CC GGACTACHVGGGTWTCTAAT        806rcbc301,TAAAGACCCGTA,AATGATACGGCGACCACCGAGATCTACACGCCTCCCTCGCGCCATCAGAGATGTG,469028,T2,Kylie
151,687.0,13658.0,7293.0,151.0,2368.0,6436.0,328.0,396.0,0.0,77.0,1788.0,2678.0,0.0,136.0,62.0,29.0,0.0,0.0,0.0,0.0,3.0,0.0,0.0,0.0,6.0,0.0,0.0,131,302.0,CAAGCAGAAGACGGCATACGAGAT TGTATCTTCACC AGTCAGTCAG CC GGACTACHVGGGTWTCTAAT        806rcbc302,TGTATCTTCACC,AATGATACGGCGACCACCGAGATCTACACGCCTCCCTCGCGCCATCAGAGATGTG,469068,HC,Kylie
152,433.0,1552.0,2182.0,300.0,5250.0,0.0,255.0,367.0,147.0,4678.0,0.0,2195.0,0.0,46.0,0.0,6.0,0.0,420.0,0.0,22.0,0.0,0.0,0.0,0.0,21.0,27.0,0.0,132,303.0,CAAGCAGAAGACGGCATACGAGAT GACTGACTCGTC AGTCAGTCAG CC GGACTACHVGGGTWTCTAAT        806rcbc303,GACTGACTCGTC,AATGATACGGCGACCACCGAGATCTACACGCCTCCCTCGCGCCATCAGAGATGTG,369094,HC,Kylie
153,4.0,8139.0,155.0,17205.0,2959.0,0.0,38.0,0.0,554.0,130.0,0.0,1581.0,0.0,0.0,5.0,0.0,2.0,0.0,0.0,0.0,0.0,0.0,0.0,0.0,0.0,0.0,0.0,133,304.0,CAAGCAGAAGACGGCATACGAGAT TCGTGGATAGCT AGTCAGTCAG CC GGACTACHVGGGTWTCTAAT        806rcbc304,TCGTGGATAGCT,AATGATACGGCGACCACCGAGATCTACACGCCTCCCTCGCGCCATCAGAGATGTG,469019,T1,Kylie
154,33.0,59.0,10497.0,129.0,4489.0,0.0,1472.0,166.0,156.0,0.0,0.0,199.0,0.0,0.0,8.0,0.0,0.0,2730.0,0.0,0.0,0.0,0.0,0.0,0.0,0.0,5.0,0.0,134,305.0,CAAGCAGAAGACGGCATACGAGAT GACGCACTAACT AGTCAGTCAG CC GGACTACHVGGGTWTCTAAT        806rcbc305,GACGCACTAACT,AATGATACGGCGACCACCGAGATCTACACGCCTCCCTCGCGCCATCAGAGATGTG,369081,T2,Kylie
155,0.0,0.0,2284.0,7.0,1401.0,0.0,155.0,35.0,0.0,0.0,7.0,399.0,54.0,0.0,0.0,0.0,0.0,7.0,0.0,0.0,0.0,0.0,0.0,0.0,0.0,0.0,0.0,135,306.0,CAAGCAGAAGACGGCATACGAGAT GGCGATTTACGT AGTCAGTCAG CC GGACTACHVGGGTWTCTAAT        806rcbc306,GGCGATTTACGT,AATGATACGGCGACCACCGAGATCTACACGCCTCCCTCGCGCCATCAGAGATGTG,469013,T2,Kylie
156,624.0,13254.0,8329.0,1138.0,2453.0,0.0,115.0,14.0,5264.0,31.0,1746.0,5085.0,0.0,0.0,0.0,32.0,0.0,41.0,0.0,16.0,0.0,0.0,0.0,0.0,6.0,0.0,0.0,136,307.0,CAAGCAGAAGACGGCATACGAGAT TAAGGCATCGCT AGTCAGTCAG CC GGACTACHVGGGTWTCTAAT        806rcbc307,TAAGGCATCGCT,AATGATACGGCGACCACCGAGATCTACACGCCTCCCTCGCGCCATCAGAGATGTG,469077,HC,Kylie
157,13137.0,0.0,3406.0,2143.0,9854.0,0.0,2466.0,254.0,0.0,0.0,54.0,355.0,10.0,0.0,0.0,166.0,0.0,0.0,0.0,0.0,0.0,0.0,0.0,0.0,0.0,0.0,0.0,137,308.0,CAAGCAGAAGACGGCATACGAGAT ACCCATACAGCC AGTCAGTCAG CC GGACTACHVGGGTWTCTAAT        806rcbc308,ACCCATACAGCC,AATGATACGGCGACCACCGAGATCTACACGCCTCCCTCGCGCCATCAGAGATGTG,469045,T2,Kylie
160,0.0,6253.0,73.0,188.0,12795.0,0.0,2610.0,206.0,33.0,313.0,0.0,0.0,0.0,0.0,0.0,0.0,0.0,0.0,0.0,0.0,0.0,15.0,0.0,0.0,0.0,0.0,0.0,140,311.0,CAAGCAGAAGACGGCATACGAGAT CTACGAAAGCCT AGTCAGTCAG CC GGACTACHVGGGTWTCTAAT        806rcbc311,CTACGAAAGCCT,AATGATACGGCGACCACCGAGATCTACACGCCTCCCTCGCGCCATCAGAGATGTG,469017,T1,Kylie
161,0.0,6401.0,6362.0,1191.0,27066.0,0.0,638.0,226.0,1568.0,48.0,0.0,236.0,0.0,0.0,0.0,0.0,0.0,0.0,0.0,0.0,0.0,57.0,0.0,0.0,9.0,0.0,0.0,141,312.0,CAAGCAGAAGACGGCATACGAGAT ATAATTGCCGAG AGTCAGTCAG CC GGACTACHVGGGTWTCTAAT        806rcbc312,ATAATTGCCGAG,AATGATACGGCGACCACCGAGATCTACACGCCTCCCTCGCGCCATCAGAGATGTG,469106,T2,Kylie
162,15959.0,4357.0,4926.0,5508.0,4938.0,0.0,2943.0,340.0,188.0,573.0,0.0,7066.0,0.0,0.0,313.0,2322.0,0.0,0.0,0.0,207.0,0.0,0.0,0.0,0.0,108.0,0.0,0.0,142,313.0,CAAGCAGAAGACGGCATACGAGAT GGCATGTTATCG AGTCAGTCAG CC GGACTACHVGGGTWTCTAAT        806rcbc313,GGCATGTTATCG,AATGATACGGCGACCACCGAGATCTACACGCCTCCCTCGCGCCATCAGAGATGTG,469112,T1,Kylie
163,126.0,10591.0,15883.0,160.0,8716.0,0.0,922.0,620.0,0.0,0.0,0.0,8681.0,47.0,9.0,116.0,30.0,0.0,0.0,0.0,0.0,0.0,0.0,0.0,0.0,13.0,2.0,0.0,143,314.0,CAAGCAGAAGACGGCATACGAGAT AGGCACAGTAGG AGTCAGTCAG CC GGACTACHVGGGTWTCTAAT        806rcbc314,AGGCACAGTAGG,AATGATACGGCGACCACCGAGATCTACACGCCTCCCTCGCGCCATCAGAGATGTG,710,T1,Kylie
164,4138.0,282.0,12038.0,90.0,3420.0,3.0,536.0,411.0,0.0,3.0,2003.0,1771.0,0.0,211.0,4.0,1779.0,1087.0,321.0,0.0,71.0,27.0,0.0,0.0,0.0,0.0,47.0,0.0,144,315.0,CAAGCAGAAGACGGCATACGAGAT CTACTTACATCC AGTCAGTCAG CC GGACTACHVGGGTWTCTAAT        806rcbc315,CTACTTACATCC,AATGATACGGCGACCACCGAGATCTACACGCCTCCCTCGCGCCATCAGAGATGTG,369016,T2,Kylie
165,7771.0,4149.0,10540.0,192.0,10912.0,0.0,214.0,127.0,303.0,344.0,87.0,1193.0,0.0,0.0,0.0,0.0,0.0,33.0,0.0,35.0,0.0,2.0,0.0,0.0,12.0,0.0,0.0,145,316.0,CAAGCAGAAGACGGCATACGAGAT CTCTTCTGATCA AGTCAGTCAG CC GGACTACHVGGGTWTCTAAT        806rcbc316,CTCTTCTGATCA,AATGATACGGCGACCACCGAGATCTACACGCCTCCCTCGCGCCATCAGAGATGTG,369124,HC,Kylie
166,354.0,3.0,2880.0,315.0,20399.0,0.0,1949.0,651.0,3735.0,187.0,0.0,774.0,0.0,0.0,3.0,0.0,0.0,0.0,0.0,15.0,0.0,7.0,0.0,0.0,17.0,0.0,0.0,146,317.0,CAAGCAGAAGACGGCATACGAGAT ATGCTAACCACG AGTCAGTCAG CC GGACTACHVGGGTWTCTAAT        806rcbc317,ATGCTAACCACG,AATGATACGGCGACCACCGAGATCTACACGCCTCCCTCGCGCCATCAGAGATGTG,369004,HC,Kylie
167,5439.0,97.0,7574.0,461.0,7267.0,545.0,349.0,42.0,25.0,6208.0,334.0,497.0,0.0,4904.0,44.0,127.0,111.0,301.0,0.0,7.0,17.0,54.0,0.0,2491.0,0.0,55.0,0.0,147,318.0,CAAGCAGAAGACGGCATACGAGAT ACCAATCTCGGC AGTCAGTCAG CC GGACTACHVGGGTWTCTAAT        806rcbc318,ACCAATCTCGGC,AATGATACGGCGACCACCGAGATCTACACGCCTCCCTCGCGCCATCAGAGATGTG,369006,HC,Kylie
169,87.0,11879.0,6889.0,38.0,3847.0,246.0,256.0,46.0,45.0,4.0,65.0,2964.0,0.0,127.0,0.0,0.0,0.0,143.0,0.0,4.0,0.0,0.0,0.0,0.0,0.0,0.0,0.0,149,320.0,CAAGCAGAAGACGGCATACGAGAT GTACTGAAGATC AGTCAGTCAG CC GGACTACHVGGGTWTCTAAT        806rcbc320,GTACTGAAGATC,AATGATACGGCGACCACCGAGATCTACACGCCTCCCTCGCGCCATCAGAGATGTG,369011,HC,Kylie
170,8919.0,5.0,10852.0,1983.0,3121.0,13.0,81.0,356.0,17.0,3.0,0.0,1838.0,0.0,36.0,195.0,1191.0,0.0,151.0,0.0,43.0,0.0,0.0,0.0,0.0,31.0,0.0,0.0,150,321.0,CAAGCAGAAGACGGCATACGAGAT TCGCCGTGTACA AGTCAGTCAG CC GGACTACHVGGGTWTCTAAT        806rcbc321,TCGCCGTGTACA,AATGATACGGCGACCACCGAGATCTACACGCCTCCCTCGCGCCATCAGAGATGTG,469020,T1,Kylie
171,15691.0,309.0,6769.0,5.0,12717.0,0.0,583.0,48.0,0.0,10.0,0.0,326.0,0.0,0.0,0.0,1130.0,0.0,83.0,0.0,17.0,0.0,0.0,0.0,0.0,0.0,58.0,0.0,151,322.0,CAAGCAGAAGACGGCATACGAGAT AACTGCGATATG AGTCAGTCAG CC GGACTACHVGGGTWTCTAAT        806rcbc322,AACTGCGATATG,AATGATACGGCGACCACCGAGATCTACACGCCTCCCTCGCGCCATCAGAGATGTG,469113,T1,Kylie
172,1948.0,2224.0,7317.0,690.0,9194.0,2440.0,350.0,105.0,748.0,173.0,0.0,192.0,0.0,0.0,0.0,0.0,0.0,0.0,0.0,0.0,0.0,24.0,0.0,0.0,19.0,0.0,0.0,152,323.0,CAAGCAGAAGACGGCATACGAGAT CTTCCAACTCAT AGTCAGTCAG CC GGACTACHVGGGTWTCTAAT        806rcbc323,CTTCCAACTCAT,AATGATACGGCGACCACCGAGATCTACACGCCTCCCTCGCGCCATCAGAGATGTG,369015,T2,Kylie
173,609.0,1481.0,2923.0,154.0,5042.0,0.0,211.0,66.0,0.0,18.0,1789.0,231.0,0.0,14.0,0.0,1596.0,0.0,187.0,0.0,0.0,0.0,0.0,0.0,0.0,0.0,19.0,0.0,153,324.0,CAAGCAGAAGACGGCATACGAGAT GAGATCGCCTAT AGTCAGTCAG CC GGACTACHVGGGTWTCTAAT        806rcbc324,GAGATCGCCTAT,AATGATACGGCGACCACCGAGATCTACACGCCTCCCTCGCGCCATCAGAGATGTG,703,T1,Kylie
174,5434.0,3566.0,3143.0,147.0,6937.0,54.0,2616.0,240.0,334.0,0.0,3263.0,966.0,0.0,0.0,0.0,0.0,0.0,45.0,0.0,14.0,0.0,0.0,0.0,0.0,16.0,13.0,0.0,154,325.0,CAAGCAGAAGACGGCATACGAGAT TGTACATCGCCG AGTCAGTCAG CC GGACTACHVGGGTWTCTAAT        806rcbc325,TGTACATCGCCG,AATGATACGGCGACCACCGAGATCTACACGCCTCCCTCGCGCCATCAGAGATGTG,369080,T2,Kylie
175,2279.0,392.0,3434.0,138.0,1681.0,22.0,198.0,105.0,0.0,342.0,0.0,12698.0,1938.0,1621.0,0.0,41.0,4580.0,149.0,0.0,11.0,0.0,0.0,2308.0,0.0,0.0,0.0,0.0,155,326.0,CAAGCAGAAGACGGCATACGAGAT TGTTAAGCAGCA AGTCAGTCAG CC GGACTACHVGGGTWTCTAAT        806rcbc326,TGTTAAGCAGCA,AATGATACGGCGACCACCGAGATCTACACGCCTCCCTCGCGCCATCAGAGATGTG,469001,T2,Kylie
176,0.0,63.0,1683.0,207.0,11739.0,0.0,181.0,57.0,3.0,4.0,0.0,1407.0,0.0,0.0,105.0,0.0,0.0,0.0,0.0,0.0,0.0,0.0,0.0,0.0,22.0,0.0,0.0,156,327.0,CAAGCAGAAGACGGCATACGAGAT ACGGCGTTATGT AGTCAGTCAG CC GGACTACHVGGGTWTCTAAT        806rcbc327,ACGGCGTTATGT,AATGATACGGCGACCACCGAGATCTACACGCCTCCCTCGCGCCATCAGAGATGTG,469041,T2,Kylie
177,1757.0,809.0,10042.0,2158.0,8202.0,0.0,2563.0,1531.0,0.0,61.0,0.0,3230.0,0.0,17.0,6.0,25.0,0.0,1663.0,0.0,23.0,0.0,0.0,0.0,0.0,41.0,0.0,0.0,157,328.0,CAAGCAGAAGACGGCATACGAGAT ACTTTGCTTTGC AGTCAGTCAG CC GGACTACHVGGGTWTCTAAT        806rcbc328,ACTTTGCTTTGC,AATGATACGGCGACCACCGAGATCTACACGCCTCCCTCGCGCCATCAGAGATGTG,369063,HC,Kylie
179,898.0,32.0,4025.0,405.0,1249.0,0.0,298.0,124.0,0.0,0.0,0.0,565.0,6.0,9.0,2.0,62.0,0.0,157.0,0.0,50.0,0.0,0.0,0.0,0.0,5.0,10.0,0.0,159,330.0,CAAGCAGAAGACGGCATACGAGAT CGAAACTACGTA AGTCAGTCAG CC GGACTACHVGGGTWTCTAAT        806rcbc330,CGAAACTACGTA,AATGATACGGCGACCACCGAGATCTACACGCCTCCCTCGCGCCATCAGAGATGTG,369116,T1,Kylie
180,2460.0,0.0,2696.0,105.0,7321.0,0.0,117.0,67.0,199.0,205.0,0.0,0.0,0.0,0.0,0.0,0.0,0.0,0.0,0.0,0.0,0.0,0.0,0.0,0.0,4.0,0.0,0.0,160,331.0,CAAGCAGAAGACGGCATACGAGAT GAGGACCAGCAA AGTCAGTCAG CC GGACTACHVGGGTWTCTAAT        806rcbc331,GAGGACCAGCAA,AATGATACGGCGACCACCGAGATCTACACGCCTCCCTCGCGCCATCAGAGATGTG,469004,T2,Kylie
181,3178.0,0.0,8625.0,208.0,5360.0,0.0,1298.0,38.0,0.0,0.0,0.0,211.0,0.0,0.0,0.0,243.0,0.0,16.0,0.0,2.0,0.0,0.0,0.0,12.0,5.0,0.0,0.0,161,332.0,CAAGCAGAAGACGGCATACGAGAT AATAGCATGTCG AGTCAGTCAG CC GGACTACHVGGGTWTCTAAT        806rcbc332,AATAGCATGTCG,AATGATACGGCGACCACCGAGATCTACACGCCTCCCTCGCGCCATCAGAGATGTG,469014,T2,Kylie
182,118.0,0.0,1543.0,908.0,13298.0,0.0,320.0,37.0,47.0,10.0,0.0,0.0,0.0,0.0,0.0,0.0,0.0,0.0,0.0,0.0,0.0,0.0,0.0,0.0,11.0,0.0,0.0,162,333.0,CAAGCAGAAGACGGCATACGAGAT CGGAGTAATCCT AGTCAGTCAG CC GGACTACHVGGGTWTCTAAT        806rcbc333,CGGAGTAATCCT,AATGATACGGCGACCACCGAGATCTACACGCCTCCCTCGCGCCATCAGAGATGTG,469006,T2,Kylie
183,114.0,2243.0,5524.0,437.0,5921.0,0.0,388.0,19.0,0.0,0.0,0.0,1936.0,0.0,0.0,0.0,0.0,0.0,287.0,0.0,0.0,0.0,0.0,0.0,0.0,28.0,0.0,0.0,163,334.0,CAAGCAGAAGACGGCATACGAGAT CTGTGTCCATGG AGTCAGTCAG CC GGACTACHVGGGTWTCTAAT        806rcbc334,CTGTGTCCATGG,AATGATACGGCGACCACCGAGATCTACACGCCTCCCTCGCGCCATCAGAGATGTG,715,T1,Kylie
184,2131.0,12192.0,1643.0,180.0,8663.0,0.0,29.0,286.0,34.0,0.0,0.0,139.0,0.0,0.0,0.0,0.0,0.0,359.0,0.0,0.0,0.0,0.0,0.0,0.0,0.0,0.0,0.0,164,335.0,CAAGCAGAAGACGGCATACGAGAT CTTCGCGGATGT AGTCAGTCAG CC GGACTACHVGGGTWTCTAAT        806rcbc335,CTTCGCGGATGT,AATGATACGGCGACCACCGAGATCTACACGCCTCCCTCGCGCCATCAGAGATGTG,369085,T2,Kylie
185,10517.0,0.0,3752.0,134.0,8887.0,0.0,241.0,38.0,16.0,0.0,55.0,154.0,0.0,0.0,0.0,0.0,0.0,0.0,0.0,0.0,0.0,0.0,0.0,0.0,10.0,250.0,0.0,165,336.0,CAAGCAGAAGACGGCATACGAGAT ATAGGCTGTAGT AGTCAGTCAG CC GGACTACHVGGGTWTCTAAT        806rcbc336,ATAGGCTGTAGT,AATGATACGGCGACCACCGAGATCTACACGCCTCCCTCGCGCCATCAGAGATGTG,469037,T1,Kylie
186,3851.0,195.0,10403.0,40.0,12727.0,0.0,185.0,15.0,0.0,0.0,2.0,8479.0,0.0,0.0,0.0,95.0,0.0,0.0,0.0,0.0,0.0,0.0,0.0,0.0,4.0,0.0,0.0,166,337.0,CAAGCAGAAGACGGCATACGAGAT TGTGTAGCCATG AGTCAGTCAG CC GGACTACHVGGGTWTCTAAT        806rcbc337,TGTGTAGCCATG,AATGATACGGCGACCACCGAGATCTACACGCCTCCCTCGCGCCATCAGAGATGTG,469026,T1,Kylie
187,24.0,159.0,118.0,13.0,139.0,0.0,35.0,2.0,0.0,4.0,334.0,1035.0,3.0,0.0,0.0,26.0,0.0,0.0,0.0,8.0,0.0,0.0,0.0,0.0,0.0,0.0,0.0,167,338.0,CAAGCAGAAGACGGCATACGAGAT AAGGGCGCTGAA AGTCAGTCAG CC GGACTACHVGGGTWTCTAAT        806rcbc338,AAGGGCGCTGAA,AATGATACGGCGACCACCGAGATCTACACGCCTCCCTCGCGCCATCAGAGATGTG,469032,T1,Kylie
188,62.0,300.0,12145.0,1463.0,1508.0,1063.0,69.0,164.0,376.0,0.0,0.0,2249.0,0.0,64.0,100.0,0.0,0.0,3961.0,0.0,0.0,0.0,0.0,0.0,0.0,0.0,5.0,0.0,168,339.0,CAAGCAGAAGACGGCATACGAGAT GTTTCCGTGGTG AGTCAGTCAG CC GGACTACHVGGGTWTCTAAT        806rcbc339,GTTTCCGTGGTG,AATGATACGGCGACCACCGAGATCTACACGCCTCCCTCGCGCCATCAGAGATGTG,469049,T2,Kylie
189,0.0,259.0,95.0,96.0,1222.0,0.0,144.0,231.0,0.0,0.0,0.0,1127.0,0.0,0.0,35.0,0.0,0.0,41.0,0.0,0.0,0.0,0.0,0.0,0.0,14.0,0.0,0.0,169,340.0,CAAGCAGAAGACGGCATACGAGAT AGGAACCAGACG AGTCAGTCAG CC GGACTACHVGGGTWTCTAAT        806rcbc340,AGGAACCAGACG,AATGATACGGCGACCACCGAGATCTACACGCCTCCCTCGCGCCATCAGAGATGTG,369062,HC,Kylie
191,50.0,45.0,723.0,9.0,69.0,0.0,11.0,6.0,0.0,0.0,62.0,18.0,0.0,7.0,7.0,6.0,0.0,6.0,0.0,0.0,0.0,0.0,0.0,0.0,0.0,4.0,0.0,171,342.0,CAAGCAGAAGACGGCATACGAGAT TATGAACGTCCG AGTCAGTCAG CC GGACTACHVGGGTWTCTAAT        806rcbc342,TATGAACGTCCG,AATGATACGGCGACCACCGAGATCTACACGCCTCCCTCGCGCCATCAGAGATGTG,469050,T2,Kylie
192,1060.0,2275.0,18381.0,110.0,4716.0,47.0,118.0,175.0,1707.0,0.0,77.0,1434.0,0.0,51.0,0.0,0.0,0.0,262.0,0.0,0.0,0.0,2.0,0.0,0.0,27.0,48.0,0.0,172,343.0,CAAGCAGAAGACGGCATACGAGAT CCACATTGGGTC AGTCAGTCAG CC GGACTACHVGGGTWTCTAAT        806rcbc343,CCACATTGGGTC,AATGATACGGCGACCACCGAGATCTACACGCCTCCCTCGCGCCATCAGAGATGTG,369084,HC,Kylie
193,61.0,2177.0,528.0,82.0,2901.0,0.0,803.0,221.0,62.0,0.0,0.0,251.0,0.0,32.0,19.0,0.0,0.0,269.0,0.0,0.0,0.0,0.0,0.0,0.0,0.0,0.0,0.0,173,344.0,CAAGCAGAAGACGGCATACGAGAT TCAGTCAGATGA AGTCAGTCAG CC GGACTACHVGGGTWTCTAAT        806rcbc344,TCAGTCAGATGA,AATGATACGGCGACCACCGAGATCTACACGCCTCCCTCGCGCCATCAGAGATGTG,369112,HC,Kylie
194,989.0,137.0,2399.0,31.0,4470.0,12.0,75.0,17.0,0.0,2.0,1647.0,98.0,0.0,0.0,0.0,74.0,0.0,232.0,0.0,57.0,0.0,0.0,0.0,0.0,0.0,0.0,0.0,174,345.0,CAAGCAGAAGACGGCATACGAGAT AAGTCACACACA AGTCAGTCAG CC GGACTACHVGGGTWTCTAAT        806rcbc345,AAGTCACACACA,AATGATACGGCGACCACCGAGATCTACACGCCTCCCTCGCGCCATCAGAGATGTG,469028,T1,Kylie
195,242.0,5473.0,11452.0,147.0,3320.0,258.0,1223.0,210.0,0.0,6.0,87.0,5659.0,0.0,2951.0,370.0,46.0,0.0,1123.0,0.0,34.0,0.0,0.0,0.0,0.0,9.0,0.0,0.0,175,346.0,CAAGCAGAAGACGGCATACGAGAT GCTGTGATTCGA AGTCAGTCAG CC GGACTACHVGGGTWTCTAAT        806rcbc346,GCTGTGATTCGA,AATGATACGGCGACCACCGAGATCTACACGCCTCCCTCGCGCCATCAGAGATGTG,369105,HC,Kylie
196,184.0,0.0,3076.0,41.0,27466.0,0.0,2347.0,9.0,310.0,0.0,0.0,6802.0,433.0,0.0,0.0,0.0,0.0,894.0,0.0,0.0,0.0,0.0,0.0,0.0,11.0,2.0,0.0,176,347.0,CAAGCAGAAGACGGCATACGAGAT CTAGCTATGGAC AGTCAGTCAG CC GGACTACHVGGGTWTCTAAT        806rcbc347,CTAGCTATGGAC,AATGATACGGCGACCACCGAGATCTACACGCCTCCCTCGCGCCATCAGAGATGTG,469035,T2,Kylie
197,259.0,18.0,95.0,77.0,18921.0,0.0,1233.0,0.0,0.0,0.0,0.0,148.0,0.0,0.0,132.0,0.0,0.0,0.0,0.0,0.0,0.0,0.0,0.0,0.0,0.0,0.0,0.0,177,348.0,CAAGCAGAAGACGGCATACGAGAT CTTGACGAGGTT AGTCAGTCAG CC GGACTACHVGGGTWTCTAAT        806rcbc348,CTTGACGAGGTT,AATGATACGGCGACCACCGAGATCTACACGCCTCCCTCGCGCCATCAGAGATGTG,469033,T1,Kylie
198,78.0,98.0,4186.0,76.0,1571.0,86.0,239.0,18.0,0.0,12.0,48.0,170.0,0.0,0.0,0.0,57.0,0.0,210.0,0.0,7.0,0.0,0.0,0.0,0.0,0.0,0.0,0.0,178,349.0,CAAGCAGAAGACGGCATACGAGAT ACCTGGGAATAT AGTCAGTCAG CC GGACTACHVGGGTWTCTAAT        806rcbc349,ACCTGGGAATAT,AATGATACGGCGACCACCGAGATCTACACGCCTCCCTCGCGCCATCAGAGATGTG,469059,HC,Kylie
199,8049.0,153.0,655.0,291.0,18220.0,0.0,717.0,0.0,1412.0,13.0,0.0,40.0,0.0,0.0,0.0,0.0,0.0,0.0,0.0,0.0,0.0,0.0,0.0,0.0,0.0,0.0,0.0,179,350.0,CAAGCAGAAGACGGCATACGAGAT CTCTGCCTAATT AGTCAGTCAG CC GGACTACHVGGGTWTCTAAT        806rcbc350,CTCTGCCTAATT,AATGATACGGCGACCACCGAGATCTACACGCCTCCCTCGCGCCATCAGAGATGTG,469030,T1,Kylie
200,239.0,62.0,4003.0,185.0,2748.0,13.0,308.0,22.0,0.0,173.0,523.0,247.0,6.0,0.0,0.0,77.0,0.0,55.0,0.0,9.0,0.0,0.0,0.0,0.0,5.0,0.0,0.0,180,351.0,CAAGCAGAAGACGGCATACGAGAT ATATGACCCAGC AGTCAGTCAG CC GGACTACHVGGGTWTCTAAT        806rcbc351,ATATGACCCAGC,AATGATACGGCGACCACCGAGATCTACACGCCTCCCTCGCGCCATCAGAGATGTG,369135,T1,Kylie
201,1164.0,1354.0,3664.0,26.0,3213.0,1164.0,136.0,68.0,0.0,0.0,0.0,238.0,0.0,239.0,5.0,121.0,28.0,83.0,2054.0,40.0,65.0,0.0,162.0,0.0,2.0,5.0,0.0,181,352.0,CAAGCAGAAGACGGCATACGAGAT CTCTATTCCACC AGTCAGTCAG CC GGACTACHVGGGTWTCTAAT        806rcbc352,CTCTATTCCACC,AATGATACGGCGACCACCGAGATCTACACGCCTCCCTCGCGCCATCAGAGATGTG,469064,HC,Kylie
202,4566.0,2371.0,8100.0,202.0,4288.0,0.0,274.0,35.0,0.0,1.0,0.0,215.0,0.0,139.0,0.0,0.0,0.0,22.0,0.0,0.0,0.0,0.0,0.0,0.0,0.0,88.0,0.0,182,353.0,CAAGCAGAAGACGGCATACGAGAT ATTGAGTGAGTC AGTCAGTCAG CC GGACTACHVGGGTWTCTAAT        806rcbc353,ATTGAGTGAGTC,AATGATACGGCGACCACCGAGATCTACACGCCTCCCTCGCGCCATCAGAGATGTG,469101,T1,Kylie
203,344.0,0.0,4569.0,6.0,513.0,0.0,353.0,16.0,125.0,0.0,132.0,124.0,0.0,25.0,0.0,0.0,0.0,103.0,0.0,0.0,2.0,0.0,0.0,0.0,0.0,17.0,0.0,183,354.0,CAAGCAGAAGACGGCATACGAGAT TTATGGTACGGA AGTCAGTCAG CC GGACTACHVGGGTWTCTAAT        806rcbc354,TTATGGTACGGA,AATGATACGGCGACCACCGAGATCTACACGCCTCCCTCGCGCCATCAGAGATGTG,469075,HC,Kylie
204,2218.0,1774.0,9032.0,79.0,6084.0,0.0,201.0,38.0,33.0,0.0,0.0,129.0,0.0,32.0,0.0,0.0,0.0,112.0,0.0,8.0,0.0,0.0,0.0,0.0,7.0,66.0,0.0,184,355.0,CAAGCAGAAGACGGCATACGAGAT GCTAGTTATGGA AGTCAGTCAG CC GGACTACHVGGGTWTCTAAT        806rcbc355,GCTAGTTATGGA,AATGATACGGCGACCACCGAGATCTACACGCCTCCCTCGCGCCATCAGAGATGTG,369083,HC,Kylie
205,38.0,146.0,1161.0,3.0,432.0,74.0,56.0,28.0,0.0,3.0,7.0,121.0,0.0,9.0,20.0,0.0,0.0,16.0,0.0,0.0,0.0,0.0,0.0,0.0,0.0,0.0,0.0,185,356.0,CAAGCAGAAGACGGCATACGAGAT CAGATTAACCAG AGTCAGTCAG CC GGACTACHVGGGTWTCTAAT        806rcbc356,CAGATTAACCAG,AATGATACGGCGACCACCGAGATCTACACGCCTCCCTCGCGCCATCAGAGATGTG,469079,HC,Kylie
206,5706.0,0.0,6151.0,142.0,3754.0,0.0,68.0,16.0,13.0,37.0,246.0,97.0,0.0,44.0,0.0,136.0,0.0,132.0,0.0,116.0,1448.0,0.0,0.0,0.0,0.0,40.0,0.0,186,357.0,CAAGCAGAAGACGGCATACGAGAT GGCTGCATACTC AGTCAGTCAG CC GGACTACHVGGGTWTCTAAT        806rcbc357,GGCTGCATACTC,AATGATACGGCGACCACCGAGATCTACACGCCTCCCTCGCGCCATCAGAGATGTG,469029,T1,Kylie
207,2804.0,5421.0,6684.0,193.0,3126.0,19.0,347.0,1845.0,90.0,11.0,0.0,395.0,0.0,0.0,31.0,0.0,403.0,40.0,0.0,0.0,0.0,0.0,0.0,0.0,14.0,0.0,0.0,187,358.0,CAAGCAGAAGACGGCATACGAGAT TTGGTAAAGTGC AGTCAGTCAG CC GGACTACHVGGGTWTCTAAT        806rcbc358,TTGGTAAAGTGC,AATGATACGGCGACCACCGAGATCTACACGCCTCCCTCGCGCCATCAGAGATGTG,369025,T1,Kylie
208,3548.0,0.0,5313.0,14.0,806.0,234.0,24.0,52.0,38.0,33.0,0.0,218.0,0.0,220.0,0.0,148.0,1172.0,8.0,0.0,0.0,0.0,0.0,0.0,0.0,0.0,3.0,0.0,188,359.0,CAAGCAGAAGACGGCATACGAGAT AAGTGGCTATCC AGTCAGTCAG CC GGACTACHVGGGTWTCTAAT        806rcbc359,AAGTGGCTATCC,AATGATACGGCGACCACCGAGATCTACACGCCTCCCTCGCGCCATCAGAGATGTG,369035,HC,Kylie
209,1156.0,0.0,1273.0,0.0,1663.0,0.0,100.0,7.0,0.0,0.0,47.0,120.0,0.0,47.0,0.0,186.0,0.0,103.0,0.0,3.0,0.0,0.0,0.0,0.0,0.0,0.0,0.0,189,360.0,CAAGCAGAAGACGGCATACGAGAT AACCGATGTACC AGTCAGTCAG CC GGACTACHVGGGTWTCTAAT        806rcbc360,AACCGATGTACC,AATGATACGGCGACCACCGAGATCTACACGCCTCCCTCGCGCCATCAGAGATGTG,469014,T1,Kylie
210,1719.0,0.0,6345.0,30.0,2293.0,1244.0,195.0,68.0,115.0,56.0,356.0,481.0,0.0,316.0,101.0,0.0,0.0,226.0,0.0,0.0,0.0,1.0,0.0,0.0,0.0,0.0,0.0,190,362.0,CAAGCAGAAGACGGCATACGAGAT GCATTACTGGAC AGTCAGTCAG CC GGACTACHVGGGTWTCTAAT        806rcbc362,GCATTACTGGAC,AATGATACGGCGACCACCGAGATCTACACGCCTCCCTCGCGCCATCAGAGATGTG,469015,T1,Kylie
211,6336.0,0.0,7263.0,9.0,6387.0,50.0,175.0,171.0,85.0,0.0,0.0,64.0,0.0,0.0,19.0,102.0,0.0,139.0,0.0,7.0,142.0,75.0,0.0,0.0,0.0,14.0,0.0,191,363.0,CAAGCAGAAGACGGCATACGAGAT TTGGGCCACATA AGTCAGTCAG CC GGACTACHVGGGTWTCTAAT        806rcbc363,TTGGGCCACATA,AATGATACGGCGACCACCGAGATCTACACGCCTCCCTCGCGCCATCAGAGATGTG,469029,T2,Kylie
212,13.0,321.0,307.0,5.0,6359.0,0.0,1923.0,108.0,0.0,15.0,0.0,592.0,0.0,0.0,5.0,29.0,0.0,0.0,0.0,0.0,0.0,0.0,0.0,0.0,0.0,0.0,0.0,192,364.0,CAAGCAGAAGACGGCATACGAGAT CACACAAAGTCA AGTCAGTCAG CC GGACTACHVGGGTWTCTAAT        806rcbc364,CACACAAAGTCA,AATGATACGGCGACCACCGAGATCTACACGCCTCCCTCGCGCCATCAGAGATGTG,369109,T1,Kylie
213,302.0,6994.0,7493.0,3601.0,7513.0,6.0,1292.0,4038.0,13.0,0.0,480.0,980.0,9.0,209.0,0.0,0.0,0.0,13.0,0.0,19.0,0.0,0.0,0.0,0.0,5.0,3.0,0.0,193,365.0,CAAGCAGAAGACGGCATACGAGAT GCCAAGGATAGG AGTCAGTCAG CC GGACTACHVGGGTWTCTAAT        806rcbc365,GCCAAGGATAGG,AATGATACGGCGACCACCGAGATCTACACGCCTCCCTCGCGCCATCAGAGATGTG,369043,T2,Kylie
214,1357.0,0.0,758.0,83.0,3617.0,0.0,64.0,16.0,0.0,0.0,0.0,76.0,0.0,0.0,0.0,121.0,0.0,0.0,0.0,0.0,0.0,0.0,0.0,0.0,0.0,20.0,0.0,194,366.0,CAAGCAGAAGACGGCATACGAGAT CGCCACGTGTAT AGTCAGTCAG CC GGACTACHVGGGTWTCTAAT        806rcbc366,CGCCACGTGTAT,AATGATACGGCGACCACCGAGATCTACACGCCTCCCTCGCGCCATCAGAGATGTG,469104,T2,Kylie
215,1712.0,0.0,3863.0,231.0,2849.0,0.0,176.0,227.0,0.0,0.0,0.0,2951.0,0.0,0.0,0.0,0.0,0.0,0.0,0.0,0.0,0.0,0.0,0.0,0.0,14.0,0.0,0.0,195,367.0,CAAGCAGAAGACGGCATACGAGAT GCAACCGATTGT AGTCAGTCAG CC GGACTACHVGGGTWTCTAAT        806rcbc367,GCAACCGATTGT,AATGATACGGCGACCACCGAGATCTACACGCCTCCCTCGCGCCATCAGAGATGTG,702,T1,Kylie
216,4095.0,2472.0,9322.0,271.0,5325.0,0.0,1014.0,113.0,275.0,82.0,2563.0,270.0,0.0,0.0,0.0,0.0,0.0,150.0,0.0,0.0,0.0,0.0,0.0,0.0,11.0,133.0,0.0,196,368.0,CAAGCAGAAGACGGCATACGAGAT CATGTGCTTAGG AGTCAGTCAG CC GGACTACHVGGGTWTCTAAT        806rcbc368,CATGTGCTTAGG,AATGATACGGCGACCACCGAGATCTACACGCCTCCCTCGCGCCATCAGAGATGTG,369046,HC,Kylie
217,388.0,122.0,5437.0,208.0,3048.0,101.0,2020.0,170.0,12.0,0.0,189.0,3039.0,0.0,402.0,40.0,0.0,0.0,197.0,0.0,59.0,0.0,0.0,0.0,0.0,14.0,3.0,0.0,197,369.0,CAAGCAGAAGACGGCATACGAGAT GTTCCTCCATTA AGTCAGTCAG CC GGACTACHVGGGTWTCTAAT        806rcbc369,GTTCCTCCATTA,AATGATACGGCGACCACCGAGATCTACACGCCTCCCTCGCGCCATCAGAGATGTG,469052,HC,Kylie
218,1884.0,54.0,3430.0,498.0,2804.0,0.0,81.0,28.0,4284.0,0.0,0.0,2802.0,0.0,13.0,0.0,0.0,0.0,73.0,0.0,0.0,0.0,0.0,0.0,0.0,0.0,0.0,0.0,198,370.0,CAAGCAGAAGACGGCATACGAGAT ACCTGTCCTTTC AGTCAGTCAG CC GGACTACHVGGGTWTCTAAT        806rcbc370,ACCTGTCCTTTC,AATGATACGGCGACCACCGAGATCTACACGCCTCCCTCGCGCCATCAGAGATGTG,369073,T1,Kylie
219,1810.0,1874.0,4666.0,76.0,1914.0,0.0,252.0,262.0,80.0,0.0,0.0,3767.0,0.0,355.0,0.0,59.0,0.0,5.0,0.0,18.0,0.0,0.0,0.0,0.0,6.0,7.0,0.0,199,371.0,CAAGCAGAAGACGGCATACGAGAT GTTCACGCCCAA AGTCAGTCAG CC GGACTACHVGGGTWTCTAAT        806rcbc371,GTTCACGCCCAA,AATGATACGGCGACCACCGAGATCTACACGCCTCCCTCGCGCCATCAGAGATGTG,369048,T1,Kylie
22,23.0,441.0,8012.0,84.0,5147.0,0.0,2905.0,106.0,4.0,3766.0,374.0,2805.0,0.0,0.0,10.0,56.0,0.0,89.0,0.0,0.0,0.0,0.0,0.0,0.0,27.0,0.0,0.0,2,62.0,CAAGCAGAAGACGGCATACGAGAT GCTCGAAGATTC AGTCAGTCAG CC GGACTACHVGGGTWTCTAAT        806rcbc62,GCTCGAAGATTC,AATGATACGGCGACCACCGAGATCTACACGCCTCCCTCGCGCCATCAGAGATGTG,369034,T1,Kylie
220,484.0,85.0,7047.0,124.0,5027.0,0.0,477.0,132.0,1610.0,4.0,0.0,412.0,0.0,8.0,16.0,187.0,0.0,30.0,0.0,7.0,0.0,0.0,0.0,0.0,0.0,0.0,0.0,200,372.0,CAAGCAGAAGACGGCATACGAGAT CGATCGAACACT AGTCAGTCAG CC GGACTACHVGGGTWTCTAAT        806rcbc372,CGATCGAACACT,AATGATACGGCGACCACCGAGATCTACACGCCTCCCTCGCGCCATCAGAGATGTG,469069,HC,Kylie
221,16381.0,0.0,9863.0,1714.0,10168.0,0.0,567.0,57.0,238.0,0.0,0.0,410.0,0.0,59.0,98.0,184.0,0.0,62.0,0.0,0.0,0.0,17.0,0.0,0.0,15.0,0.0,0.0,201,373.0,CAAGCAGAAGACGGCATACGAGAT CATGCCAACATG AGTCAGTCAG CC GGACTACHVGGGTWTCTAAT        806rcbc373,CATGCCAACATG,AATGATACGGCGACCACCGAGATCTACACGCCTCCCTCGCGCCATCAGAGATGTG,469048,T1,Kylie
222,398.0,87.0,2290.0,12.0,1421.0,22.0,4.0,10.0,0.0,0.0,27.0,36.0,0.0,13.0,107.0,0.0,0.0,0.0,0.0,0.0,0.0,0.0,0.0,0.0,0.0,51.0,0.0,202,374.0,CAAGCAGAAGACGGCATACGAGAT GAGTACAGTCTA AGTCAGTCAG CC GGACTACHVGGGTWTCTAAT        806rcbc374,GAGTACAGTCTA,AATGATACGGCGACCACCGAGATCTACACGCCTCCCTCGCGCCATCAGAGATGTG,706,T2,Kylie
223,2167.0,1266.0,8650.0,227.0,10327.0,0.0,89.0,51.0,1574.0,0.0,0.0,1733.0,0.0,0.0,0.0,0.0,31.0,2785.0,0.0,0.0,0.0,0.0,0.0,0.0,8.0,0.0,0.0,203,375.0,CAAGCAGAAGACGGCATACGAGAT CCTACATGAGAC AGTCAGTCAG CC GGACTACHVGGGTWTCTAAT        806rcbc375,CCTACATGAGAC,AATGATACGGCGACCACCGAGATCTACACGCCTCCCTCGCGCCATCAGAGATGTG,369007,T2,Kylie
224,1897.0,37.0,17743.0,101.0,8640.0,0.0,210.0,52.0,0.0,0.0,0.0,410.0,0.0,9.0,2.0,418.0,0.0,558.0,0.0,29.0,0.0,0.0,0.0,0.0,12.0,122.0,0.0,204,376.0,CAAGCAGAAGACGGCATACGAGAT TCCGTGGTATAG AGTCAGTCAG CC GGACTACHVGGGTWTCTAAT        806rcbc376,TCCGTGGTATAG,AATGATACGGCGACCACCGAGATCTACACGCCTCCCTCGCGCCATCAGAGATGTG,369135,T2,Kylie
225,3534.0,0.0,928.0,50.0,3245.0,0.0,48.0,0.0,66.0,0.0,21.0,6.0,0.0,0.0,0.0,0.0,0.0,23.0,0.0,0.0,0.0,4.0,0.0,0.0,3.0,17.0,0.0,205,377.0,CAAGCAGAAGACGGCATACGAGAT TCTACGGCACGT AGTCAGTCAG CC GGACTACHVGGGTWTCTAAT        806rcbc377,TCTACGGCACGT,AATGATACGGCGACCACCGAGATCTACACGCCTCCCTCGCGCCATCAGAGATGTG,469010,T1,Kylie
226,3546.0,178.0,4521.0,198.0,2557.0,22.0,106.0,50.0,0.0,80.0,427.0,403.0,0.0,1484.0,12.0,387.0,197.0,215.0,0.0,62.0,8.0,0.0,0.0,0.0,0.0,16.0,0.0,206,378.0,CAAGCAGAAGACGGCATACGAGAT ATGCTGCAACAC AGTCAGTCAG CC GGACTACHVGGGTWTCTAAT        806rcbc378,ATGCTGCAACAC,AATGATACGGCGACCACCGAGATCTACACGCCTCCCTCGCGCCATCAGAGATGTG,369016,T1,Kylie
227,168.0,5983.0,24210.0,28.0,4258.0,94.0,179.0,1539.0,0.0,0.0,442.0,3923.0,0.0,267.0,2499.0,0.0,0.0,88.0,0.0,0.0,0.0,0.0,0.0,0.0,0.0,0.0,0.0,207,379.0,CAAGCAGAAGACGGCATACGAGAT TTCTCATGGAGG AGTCAGTCAG CC GGACTACHVGGGTWTCTAAT        806rcbc379,TTCTCATGGAGG,AATGATACGGCGACCACCGAGATCTACACGCCTCCCTCGCGCCATCAGAGATGTG,706,T1,Kylie
228,12524.0,299.0,9352.0,81.0,12535.0,13.0,415.0,250.0,0.0,0.0,538.0,438.0,0.0,350.0,10.0,148.0,0.0,5.0,0.0,154.0,2.0,14.0,0.0,0.0,4.0,385.0,0.0,208,381.0,CAAGCAGAAGACGGCATACGAGAT GCTATCAAGACA AGTCAGTCAG CC GGACTACHVGGGTWTCTAAT        806rcbc381,GCTATCAAGACA,AATGATACGGCGACCACCGAGATCTACACGCCTCCCTCGCGCCATCAGAGATGTG,369068,T2,Kylie
229,185.0,13.0,4547.0,2053.0,13761.0,0.0,422.0,180.0,0.0,0.0,0.0,596.0,0.0,0.0,0.0,64.0,0.0,9.0,0.0,0.0,0.0,0.0,0.0,0.0,0.0,0.0,0.0,209,382.0,CAAGCAGAAGACGGCATACGAGAT CCGTGACAACTC AGTCAGTCAG CC GGACTACHVGGGTWTCTAAT        806rcbc382,CCGTGACAACTC,AATGATACGGCGACCACCGAGATCTACACGCCTCCCTCGCGCCATCAGAGATGTG,469048,T2,Kylie
23,2696.0,0.0,7429.0,182.0,1953.0,0.0,10.0,62.0,2.0,7.0,1743.0,5767.0,0.0,42.0,0.0,166.0,0.0,0.0,0.0,24.0,0.0,0.0,0.0,0.0,15.0,0.0,0.0,3,63.0,CAAGCAGAAGACGGCATACGAGAT AGGCTTACGTGT AGTCAGTCAG CC GGACTACHVGGGTWTCTAAT        806rcbc63,AGGCTTACGTGT,AATGATACGGCGACCACCGAGATCTACACGCCTCCCTCGCGCCATCAGAGATGTG,369009,HC,Kylie
230,2652.0,599.0,11585.0,1224.0,7667.0,7.0,449.0,182.0,2214.0,43.0,2067.0,2729.0,9.0,41.0,50.0,105.0,0.0,306.0,0.0,46.0,0.0,0.0,0.0,0.0,11.0,10.0,0.0,210,383.0,CAAGCAGAAGACGGCATACGAGAT CGTTCCTTGTTA AGTCAGTCAG CC GGACTACHVGGGTWTCTAAT        806rcbc383,CGTTCCTTGTTA,AATGATACGGCGACCACCGAGATCTACACGCCTCCCTCGCGCCATCAGAGATGTG,369073,T2,Kylie
231,552.0,91.0,4700.0,216.0,4500.0,39.0,343.0,18.0,19.0,0.0,0.0,2434.0,0.0,74.0,5.0,21.0,0.0,92.0,0.0,9.0,3.0,0.0,0.0,0.0,4.0,0.0,0.0,211,384.0,CAAGCAGAAGACGGCATACGAGAT GGAATTATCGGT AGTCAGTCAG CC GGACTACHVGGGTWTCTAAT        806rcbc384,GGAATTATCGGT,AATGATACGGCGACCACCGAGATCTACACGCCTCCCTCGCGCCATCAGAGATGTG,369133,T2,Kylie
232,4424.0,7.0,1004.0,29.0,2608.0,0.0,257.0,92.0,0.0,0.0,277.0,138.0,141.0,0.0,0.0,156.0,0.0,126.0,0.0,43.0,0.0,0.0,0.0,0.0,0.0,22.0,356.0,212,385.0,CAAGCAGAAGACGGCATACGAGAT CATCAAGCATAG AGTCAGTCAG CC GGACTACHVGGGTWTCTAAT        806rcbc385,CATCAAGCATAG,AATGATACGGCGACCACCGAGATCTACACGCCTCCCTCGCGCCATCAGAGATGTG,712,T1,Kylie
233,565.0,69.0,1948.0,114.0,3966.0,0.0,593.0,277.0,20.0,0.0,13.0,563.0,0.0,110.0,110.0,189.0,0.0,38.0,0.0,51.0,161.0,2.0,0.0,0.0,0.0,93.0,0.0,213,386.0,CAAGCAGAAGACGGCATACGAGAT CATCGCGTTGAC AGTCAGTCAG CC GGACTACHVGGGTWTCTAAT        806rcbc386,CATCGCGTTGAC,AATGATACGGCGACCACCGAGATCTACACGCCTCCCTCGCGCCATCAGAGATGTG,369107,T1,Kylie
234,396.0,6.0,1001.0,27.0,249.0,9.0,487.0,352.0,2.0,81.0,18.0,430.0,9.0,565.0,318.0,2.0,0.0,0.0,0.0,12.0,0.0,0.0,0.0,0.0,0.0,0.0,0.0,214,387.0,CAAGCAGAAGACGGCATACGAGAT GCACATAGTCGT AGTCAGTCAG CC GGACTACHVGGGTWTCTAAT        806rcbc387,GCACATAGTCGT,AATGATACGGCGACCACCGAGATCTACACGCCTCCCTCGCGCCATCAGAGATGTG,369043,T1,Kylie
235,1013.0,1976.0,4124.0,91.0,2879.0,50.0,1877.0,101.0,11.0,3.0,46.0,1492.0,0.0,178.0,15.0,78.0,56.0,74.0,0.0,35.0,0.0,4.0,0.0,0.0,0.0,0.0,0.0,215,388.0,CAAGCAGAAGACGGCATACGAGAT GGCAAATACACT AGTCAGTCAG CC GGACTACHVGGGTWTCTAAT        806rcbc388,GGCAAATACACT,AATGATACGGCGACCACCGAGATCTACACGCCTCCCTCGCGCCATCAGAGATGTG,369040,T2,Kylie
236,3425.0,0.0,1025.0,50.0,1361.0,0.0,111.0,15.0,0.0,0.0,111.0,102.0,0.0,0.0,0.0,99.0,26.0,0.0,0.0,8.0,0.0,0.0,0.0,0.0,0.0,14.0,0.0,216,389.0,CAAGCAGAAGACGGCATACGAGAT GTCATGCTCCAG AGTCAGTCAG CC GGACTACHVGGGTWTCTAAT        806rcbc389,GTCATGCTCCAG,AATGATACGGCGACCACCGAGATCTACACGCCTCCCTCGCGCCATCAGAGATGTG,469022,T1,Kylie
237,2557.0,8.0,8085.0,60.0,6282.0,712.0,2355.0,41.0,6.0,0.0,1779.0,2052.0,13.0,134.0,0.0,2258.0,1121.0,45.0,0.0,45.0,0.0,0.0,0.0,0.0,0.0,2.0,0.0,217,390.0,CAAGCAGAAGACGGCATACGAGAT CCTAGTAAGCTG AGTCAGTCAG CC GGACTACHVGGGTWTCTAAT        806rcbc390,CCTAGTAAGCTG,AATGATACGGCGACCACCGAGATCTACACGCCTCCCTCGCGCCATCAGAGATGTG,369036,T1,Kylie
238,1230.0,14568.0,6086.0,61.0,9802.0,0.0,1283.0,54.0,6.0,19.0,6.0,442.0,0.0,55.0,8.0,64.0,0.0,40.0,0.0,5.0,0.0,0.0,0.0,0.0,0.0,0.0,0.0,218,391.0,CAAGCAGAAGACGGCATACGAGAT TTACCGACGAGT AGTCAGTCAG CC GGACTACHVGGGTWTCTAAT        806rcbc391,TTACCGACGAGT,AATGATACGGCGACCACCGAGATCTACACGCCTCCCTCGCGCCATCAGAGATGTG,369032,HC,Kylie
239,6744.0,324.0,1724.0,66.0,3433.0,7.0,268.0,74.0,5.0,0.0,0.0,95.0,0.0,0.0,0.0,263.0,0.0,0.0,0.0,0.0,0.0,0.0,0.0,0.0,9.0,0.0,0.0,219,392.0,CAAGCAGAAGACGGCATACGAGAT GCTTAGATGTAG AGTCAGTCAG CC GGACTACHVGGGTWTCTAAT        806rcbc392,GCTTAGATGTAG,AATGATACGGCGACCACCGAGATCTACACGCCTCCCTCGCGCCATCAGAGATGTG,469103,T2,Kylie
24,457.0,236.0,3285.0,5.0,8026.0,0.0,1136.0,33.0,0.0,0.0,25.0,362.0,0.0,0.0,0.0,4.0,0.0,67.0,0.0,12.0,0.0,0.0,0.0,0.0,0.0,0.0,0.0,4,65.0,CAAGCAGAAGACGGCATACGAGAT ACTTCCAACTTC AGTCAGTCAG CC GGACTACHVGGGTWTCTAAT        806rcbc65,ACTTCCAACTTC,AATGATACGGCGACCACCGAGATCTACACGCCTCCCTCGCGCCATCAGAGATGTG,369116,T2,Kylie
240,2109.0,13553.0,4764.0,501.0,25256.0,159.0,3152.0,350.0,5.0,24.0,0.0,1255.0,0.0,4.0,0.0,65.0,0.0,0.0,0.0,0.0,0.0,0.0,0.0,0.0,0.0,0.0,0.0,220,393.0,CAAGCAGAAGACGGCATACGAGAT AAGACGTAGCGG AGTCAGTCAG CC GGACTACHVGGGTWTCTAAT        806rcbc393,AAGACGTAGCGG,AATGATACGGCGACCACCGAGATCTACACGCCTCCCTCGCGCCATCAGAGATGTG,369108,T2,Kylie
241,14588.0,4603.0,7672.0,292.0,10769.0,0.0,2815.0,116.0,1683.0,0.0,0.0,1139.0,27.0,0.0,0.0,2.0,0.0,0.0,0.0,70.0,0.0,0.0,0.0,0.0,7.0,0.0,0.0,221,394.0,CAAGCAGAAGACGGCATACGAGAT TTACCTTACACC AGTCAGTCAG CC GGACTACHVGGGTWTCTAAT        806rcbc394,TTACCTTACACC,AATGATACGGCGACCACCGAGATCTACACGCCTCCCTCGCGCCATCAGAGATGTG,369123,T1,Kylie
242,413.0,4306.0,22774.0,626.0,6546.0,2868.0,1763.0,925.0,234.0,6.0,21.0,3734.0,0.0,225.0,127.0,5.0,0.0,787.0,0.0,5.0,8.0,0.0,0.0,0.0,0.0,7.0,0.0,222,395.0,CAAGCAGAAGACGGCATACGAGAT TGACTAATGGCC AGTCAGTCAG CC GGACTACHVGGGTWTCTAAT        806rcbc395,TGACTAATGGCC,AATGATACGGCGACCACCGAGATCTACACGCCTCCCTCGCGCCATCAGAGATGTG,469049,T1,Kylie
243,2149.0,449.0,2220.0,69.0,4493.0,0.0,116.0,75.0,247.0,3.0,10.0,105.0,0.0,0.0,16.0,0.0,0.0,7.0,0.0,26.0,0.0,0.0,0.0,0.0,9.0,74.0,0.0,223,396.0,CAAGCAGAAGACGGCATACGAGAT CTCTCTCACTTG AGTCAGTCAG CC GGACTACHVGGGTWTCTAAT        806rcbc396,CTCTCTCACTTG,AATGATACGGCGACCACCGAGATCTACACGCCTCCCTCGCGCCATCAGAGATGTG,369041,T1,Kylie
244,557.0,1640.0,2151.0,4657.0,4337.0,0.0,2164.0,25.0,0.0,18.0,5.0,2481.0,0.0,2.0,0.0,6.0,0.0,8.0,0.0,0.0,0.0,0.0,0.0,0.0,13.0,0.0,0.0,224,397.0,CAAGCAGAAGACGGCATACGAGAT ATTGCAAGCAAC AGTCAGTCAG CC GGACTACHVGGGTWTCTAAT        806rcbc397,ATTGCAAGCAAC,AATGATACGGCGACCACCGAGATCTACACGCCTCCCTCGCGCCATCAGAGATGTG,369030,T1,Kylie
245,468.0,398.0,8549.0,211.0,2684.0,114.0,2166.0,79.0,141.0,16.0,115.0,945.0,6.0,110.0,6.0,74.0,9.0,381.0,0.0,5.0,0.0,0.0,6.0,0.0,19.0,5.0,0.0,225,398.0,CAAGCAGAAGACGGCATACGAGAT CACGTGACATGT AGTCAGTCAG CC GGACTACHVGGGTWTCTAAT        806rcbc398,CACGTGACATGT,AATGATACGGCGACCACCGAGATCTACACGCCTCCCTCGCGCCATCAGAGATGTG,469071,HC,Kylie
246,1503.0,3088.0,16375.0,227.0,7037.0,0.0,1401.0,532.0,76.0,15.0,332.0,3387.0,84.0,1254.0,0.0,0.0,0.0,59.0,0.0,77.0,0.0,0.0,0.0,0.0,29.0,8.0,0.0,226,399.0,CAAGCAGAAGACGGCATACGAGAT CACAGTTGAAGT AGTCAGTCAG CC GGACTACHVGGGTWTCTAAT        806rcbc399,CACAGTTGAAGT,AATGATACGGCGACCACCGAGATCTACACGCCTCCCTCGCGCCATCAGAGATGTG,369052,T1,Kylie
247,2167.0,1032.0,4127.0,203.0,4610.0,0.0,60.0,19.0,0.0,12.0,0.0,315.0,21.0,0.0,0.0,112.0,0.0,34.0,0.0,21.0,8.0,0.0,0.0,0.0,8.0,76.0,0.0,227,400.0,CAAGCAGAAGACGGCATACGAGAT CTAGGATCACTG AGTCAGTCAG CC GGACTACHVGGGTWTCTAAT        806rcbc400,CTAGGATCACTG,AATGATACGGCGACCACCGAGATCTACACGCCTCCCTCGCGCCATCAGAGATGTG,369038,T1,Kylie
248,3214.0,1530.0,11024.0,3907.0,10538.0,137.0,92.0,43.0,0.0,2.0,0.0,2877.0,0.0,0.0,0.0,1117.0,0.0,45.0,0.0,41.0,0.0,0.0,0.0,0.0,0.0,0.0,0.0,228,1.0,CAAGCAGAAGACGGCATACGAGAT ACGAGACTGATT AGTCAGTCAG CC GGACTACHVGGGTWTCTAAT        806rcbc1,ACGAGACTGATT,AATGATACGGCGACCACCGAGATCTACACGCCTCCCTCGCGCCATCAGAGATGTG,469011,T2,Kylie
249,171.0,393.0,4251.0,2359.0,5545.0,50.0,344.0,196.0,60.0,15.0,41.0,2460.0,0.0,84.0,128.0,24.0,110.0,238.0,0.0,0.0,0.0,2.0,0.0,0.0,27.0,5.0,0.0,229,3.0,CAAGCAGAAGACGGCATACGAGAT ATCACCAGGTGT AGTCAGTCAG CC GGACTACHVGGGTWTCTAAT        806rcbc3,ATCACCAGGTGT,AATGATACGGCGACCACCGAGATCTACACGCCTCCCTCGCGCCATCAGAGATGTG,369092,HC,Kylie
25,1156.0,1897.0,8222.0,131.0,3131.0,108.0,134.0,48.0,0.0,25.0,356.0,2094.0,4.0,2038.0,0.0,139.0,251.0,129.0,0.0,122.0,0.0,7.0,0.0,0.0,0.0,0.0,9.0,5,68.0,CAAGCAGAAGACGGCATACGAGAT CCACAGATCGAT AGTCAGTCAG CC GGACTACHVGGGTWTCTAAT        806rcbc68,CCACAGATCGAT,AATGATACGGCGACCACCGAGATCTACACGCCTCCCTCGCGCCATCAGAGATGTG,369111,HC,Kylie
250,2231.0,932.0,8037.0,2321.0,5599.0,10.0,174.0,103.0,73.0,38.0,8.0,2302.0,14.0,0.0,10.0,152.0,0.0,40.0,0.0,10.0,0.0,0.0,0.0,0.0,0.0,0.0,0.0,230,4.0,CAAGCAGAAGACGGCATACGAGAT TGGTCAACGATA AGTCAGTCAG CC GGACTACHVGGGTWTCTAAT        806rcbc4,TGGTCAACGATA,AATGATACGGCGACCACCGAGATCTACACGCCTCCCTCGCGCCATCAGAGATGTG,469011,T1,Kylie
251,1769.0,83.0,4778.0,4259.0,6873.0,0.0,501.0,69.0,122.0,12.0,7.0,227.0,0.0,0.0,0.0,13.0,0.0,94.0,0.0,0.0,0.0,0.0,0.0,0.0,0.0,0.0,0.0,231,5.0,CAAGCAGAAGACGGCATACGAGAT ATCGCACAGTAA AGTCAGTCAG CC GGACTACHVGGGTWTCTAAT        806rcbc5,ATCGCACAGTAA,AATGATACGGCGACCACCGAGATCTACACGCCTCCCTCGCGCCATCAGAGATGTG,469034,T2,Kylie
252,862.0,423.0,4239.0,796.0,2961.0,19.0,342.0,161.0,125.0,96.0,819.0,561.0,0.0,608.0,33.0,106.0,7.0,76.0,2.0,19.0,0.0,0.0,2.0,0.0,9.0,5.0,0.0,232,6.0,CAAGCAGAAGACGGCATACGAGAT GTCGTGTAGCCT AGTCAGTCAG CC GGACTACHVGGGTWTCTAAT        806rcbc6,GTCGTGTAGCCT,AATGATACGGCGACCACCGAGATCTACACGCCTCCCTCGCGCCATCAGAGATGTG,469107,T1,Kylie
253,260.0,83.0,772.0,168.0,3472.0,6.0,197.0,11.0,23.0,19.0,0.0,184.0,0.0,3.0,10.0,60.0,0.0,17.0,0.0,2.0,0.0,0.0,0.0,0.0,0.0,0.0,0.0,233,9.0,CAAGCAGAAGACGGCATACGAGAT TACAGCGCATAC AGTCAGTCAG CC GGACTACHVGGGTWTCTAAT        806rcbc9,TACAGCGCATAC,AATGATACGGCGACCACCGAGATCTACACGCCTCCCTCGCGCCATCAGAGATGTG,369036,T2,Kylie
254,767.0,65.0,3550.0,2115.0,1755.0,3144.0,365.0,129.0,51.0,36.0,6499.0,1804.0,0.0,4495.0,37.0,19.0,0.0,17.0,0.0,25.0,0.0,0.0,0.0,0.0,8.0,0.0,411.0,234,11.0,CAAGCAGAAGACGGCATACGAGAT AATTGTGTCGGA AGTCAGTCAG CC GGACTACHVGGGTWTCTAAT        806rcbc11,AATTGTGTCGGA,AATGATACGGCGACCACCGAGATCTACACGCCTCCCTCGCGCCATCAGAGATGTG,705,T1,Kylie
255,7961.0,10.0,2428.0,272.0,5267.0,0.0,1232.0,55.0,5.0,0.0,0.0,607.0,0.0,63.0,0.0,226.0,0.0,0.0,0.0,0.0,0.0,0.0,0.0,0.0,0.0,0.0,0.0,235,12.0,CAAGCAGAAGACGGCATACGAGAT TGCATACACTGG AGTCAGTCAG CC GGACTACHVGGGTWTCTAAT        806rcbc12,TGCATACACTGG,AATGATACGGCGACCACCGAGATCTACACGCCTCCCTCGCGCCATCAGAGATGTG,469027,T2,Kylie
256,817.0,9951.0,9511.0,73.0,2818.0,72.0,190.0,43.0,1109.0,5.0,0.0,381.0,0.0,72.0,0.0,2.0,0.0,40.0,0.0,24.0,0.0,0.0,0.0,0.0,4.0,0.0,0.0,236,13.0,CAAGCAGAAGACGGCATACGAGAT AGTCGAACGAGG AGTCAGTCAG CC GGACTACHVGGGTWTCTAAT        806rcbc13,AGTCGAACGAGG,AATGATACGGCGACCACCGAGATCTACACGCCTCCCTCGCGCCATCAGAGATGTG,369056,HC,Kylie
257,139.0,1056.0,510.0,124.0,2348.0,0.0,225.0,31.0,56.0,10.0,4.0,487.0,0.0,0.0,37.0,26.0,0.0,390.0,0.0,0.0,0.0,0.0,0.0,0.0,0.0,0.0,0.0,237,14.0,CAAGCAGAAGACGGCATACGAGAT ACCAGTGACTCA AGTCAGTCAG CC GGACTACHVGGGTWTCTAAT        806rcbc14,ACCAGTGACTCA,AATGATACGGCGACCACCGAGATCTACACGCCTCCCTCGCGCCATCAGAGATGTG,369109,T2,Kylie
258,601.0,4892.0,674.0,93.0,14963.0,0.0,236.0,63.0,22.0,0.0,0.0,2767.0,0.0,0.0,7.0,34.0,0.0,0.0,0.0,26.0,0.0,0.0,0.0,0.0,0.0,4.0,0.0,238,16.0,CAAGCAGAAGACGGCATACGAGAT GTAGATCGTGTA AGTCAGTCAG CC GGACTACHVGGGTWTCTAAT        806rcbc16,GTAGATCGTGTA,AATGATACGGCGACCACCGAGATCTACACGCCTCCCTCGCGCCATCAGAGATGTG,369077,T2,Kylie
259,1953.0,4298.0,24192.0,296.0,9209.0,0.0,241.0,69.0,0.0,62.0,11.0,2074.0,0.0,69.0,342.0,1165.0,0.0,128.0,0.0,22.0,0.0,0.0,0.0,0.0,0.0,203.0,0.0,239,17.0,CAAGCAGAAGACGGCATACGAGAT TAACGTGTGTGC AGTCAGTCAG CC GGACTACHVGGGTWTCTAAT        806rcbc17,TAACGTGTGTGC,AATGATACGGCGACCACCGAGATCTACACGCCTCCCTCGCGCCATCAGAGATGTG,369071,HC,Kylie
26,2829.0,7.0,247.0,112.0,17687.0,0.0,1564.0,0.0,0.0,0.0,0.0,399.0,0.0,0.0,18.0,0.0,0.0,0.0,0.0,0.0,0.0,0.0,0.0,0.0,0.0,0.0,0.0,6,70.0,CAAGCAGAAGACGGCATACGAGAT GATTCCGGCTCA AGTCAGTCAG CC GGACTACHVGGGTWTCTAAT        806rcbc70,GATTCCGGCTCA,AATGATACGGCGACCACCGAGATCTACACGCCTCCCTCGCGCCATCAGAGATGTG,469033,T2,Kylie
260,433.0,3252.0,907.0,352.0,12148.0,0.0,678.0,804.0,7.0,12.0,4.0,1842.0,0.0,0.0,1786.0,11.0,0.0,630.0,0.0,0.0,0.0,0.0,0.0,0.0,0.0,4.0,0.0,240,18.0,CAAGCAGAAGACGGCATACGAGAT CATTATGGCGTG AGTCAGTCAG CC GGACTACHVGGGTWTCTAAT        806rcbc18,CATTATGGCGTG,AATGATACGGCGACCACCGAGATCTACACGCCTCCCTCGCGCCATCAGAGATGTG,369077,T1,Kylie
261,56.0,210.0,3512.0,127.0,2465.0,0.0,295.0,116.0,460.0,0.0,527.0,4851.0,0.0,7.0,101.0,3.0,0.0,94.0,0.0,2.0,0.0,0.0,0.0,0.0,0.0,4.0,0.0,241,19.0,CAAGCAGAAGACGGCATACGAGAT CCAATACGCCTG AGTCAGTCAG CC GGACTACHVGGGTWTCTAAT        806rcbc19,CCAATACGCCTG,AATGATACGGCGACCACCGAGATCTACACGCCTCCCTCGCGCCATCAGAGATGTG,369013,HC,Kylie
262,547.0,28.0,10186.0,198.0,4774.0,46.0,485.0,34.0,9.0,0.0,161.0,355.0,0.0,119.0,4.0,77.0,113.0,413.0,0.0,3.0,4.0,0.0,0.0,0.0,12.0,0.0,0.0,242,20.0,CAAGCAGAAGACGGCATACGAGAT GATCTGCGATCC AGTCAGTCAG CC GGACTACHVGGGTWTCTAAT        806rcbc20,GATCTGCGATCC,AATGATACGGCGACCACCGAGATCTACACGCCTCCCTCGCGCCATCAGAGATGTG,469053,HC,Kylie
263,30.0,5.0,3360.0,247.0,1958.0,0.0,357.0,128.0,16.0,0.0,0.0,1751.0,0.0,10.0,64.0,10.0,0.0,679.0,0.0,0.0,0.0,0.0,0.0,0.0,0.0,0.0,0.0,243,21.0,CAAGCAGAAGACGGCATACGAGAT CAGCTCATCAGC AGTCAGTCAG CC GGACTACHVGGGTWTCTAAT        806rcbc21,CAGCTCATCAGC,AATGATACGGCGACCACCGAGATCTACACGCCTCCCTCGCGCCATCAGAGATGTG,369127,HC,Kylie
264,3388.0,8.0,480.0,1620.0,6316.0,0.0,6688.0,216.0,1698.0,9.0,6.0,1751.0,0.0,0.0,25.0,3.0,0.0,0.0,0.0,0.0,0.0,0.0,0.0,0.0,0.0,0.0,0.0,244,22.0,CAAGCAGAAGACGGCATACGAGAT CAAACAACAGCT AGTCAGTCAG CC GGACTACHVGGGTWTCTAAT        806rcbc22,CAAACAACAGCT,AATGATACGGCGACCACCGAGATCTACACGCCTCCCTCGCGCCATCAGAGATGTG,369076,T2,Kylie
265,304.0,3391.0,5829.0,1200.0,1837.0,0.0,185.0,186.0,6.0,15.0,0.0,1663.0,0.0,185.0,24.0,151.0,169.0,0.0,0.0,0.0,0.0,0.0,0.0,0.0,13.0,0.0,0.0,245,23.0,CAAGCAGAAGACGGCATACGAGAT GCAACACCATCC AGTCAGTCAG CC GGACTACHVGGGTWTCTAAT        806rcbc23,GCAACACCATCC,AATGATACGGCGACCACCGAGATCTACACGCCTCCCTCGCGCCATCAGAGATGTG,369125,HC,Kylie
266,5579.0,110.0,5815.0,1265.0,5328.0,0.0,1632.0,315.0,327.0,57.0,4.0,234.0,0.0,0.0,186.0,33.0,0.0,5.0,0.0,3.0,0.0,0.0,0.0,0.0,0.0,0.0,0.0,246,24.0,CAAGCAGAAGACGGCATACGAGAT GCGATATATCGC AGTCAGTCAG CC GGACTACHVGGGTWTCTAAT        806rcbc24,GCGATATATCGC,AATGATACGGCGACCACCGAGATCTACACGCCTCCCTCGCGCCATCAGAGATGTG,469044,T1,Kylie
267,50.0,2221.0,8488.0,126.0,6655.0,0.0,220.0,95.0,29.0,63.0,0.0,3527.0,0.0,0.0,3.0,8.0,0.0,108.0,0.0,0.0,0.0,0.0,0.0,0.0,15.0,0.0,0.0,247,25.0,CAAGCAGAAGACGGCATACGAGAT CGAGCAATCCTA AGTCAGTCAG CC GGACTACHVGGGTWTCTAAT        806rcbc25,CGAGCAATCCTA,AATGATACGGCGACCACCGAGATCTACACGCCTCCCTCGCGCCATCAGAGATGTG,369066,HC,Kylie
268,518.0,206.0,2534.0,10.0,633.0,22.0,73.0,62.0,12.0,0.0,85.0,79.0,0.0,0.0,0.0,26.0,0.0,0.0,0.0,0.0,0.0,0.0,0.0,0.0,0.0,19.0,0.0,248,26.0,CAAGCAGAAGACGGCATACGAGAT AGTCGTGCACAT AGTCAGTCAG CC GGACTACHVGGGTWTCTAAT        806rcbc26,AGTCGTGCACAT,AATGATACGGCGACCACCGAGATCTACACGCCTCCCTCGCGCCATCAGAGATGTG,469050,T1,Kylie
269,3434.0,109.0,7550.0,17.0,1638.0,0.0,153.0,215.0,1917.0,2.0,437.0,5234.0,0.0,51.0,4.0,7.0,0.0,290.0,0.0,73.0,0.0,0.0,0.0,0.0,16.0,8.0,0.0,249,27.0,CAAGCAGAAGACGGCATACGAGAT GTATCTGCGCGT AGTCAGTCAG CC GGACTACHVGGGTWTCTAAT        806rcbc27,GTATCTGCGCGT,AATGATACGGCGACCACCGAGATCTACACGCCTCCCTCGCGCCATCAGAGATGTG,369002,HC,Kylie
27,5276.0,0.0,9634.0,388.0,4001.0,0.0,268.0,218.0,0.0,0.0,0.0,2600.0,0.0,0.0,4.0,205.0,0.0,88.0,0.0,0.0,0.0,0.0,0.0,0.0,0.0,0.0,0.0,7,71.0,CAAGCAGAAGACGGCATACGAGAT CGTAATTGCCGC AGTCAGTCAG CC GGACTACHVGGGTWTCTAAT        806rcbc71,CGTAATTGCCGC,AATGATACGGCGACCACCGAGATCTACACGCCTCCCTCGCGCCATCAGAGATGTG,469020,T2,Kylie
270,1820.0,88.0,5599.0,150.0,5431.0,106.0,169.0,61.0,0.0,93.0,50.0,338.0,0.0,1272.0,23.0,117.0,0.0,889.0,0.0,0.0,0.0,0.0,0.0,0.0,0.0,8.0,0.0,250,28.0,CAAGCAGAAGACGGCATACGAGAT CGAGGGAAAGTC AGTCAGTCAG CC GGACTACHVGGGTWTCTAAT        806rcbc28,CGAGGGAAAGTC,AATGATACGGCGACCACCGAGATCTACACGCCTCCCTCGCGCCATCAGAGATGTG,369103,HC,Kylie
271,489.0,93.0,700.0,69.0,1934.0,4.0,111.0,15.0,25.0,0.0,117.0,41.0,0.0,0.0,0.0,2.0,0.0,26.0,0.0,0.0,0.0,0.0,0.0,0.0,3.0,0.0,0.0,251,29.0,CAAGCAGAAGACGGCATACGAGAT CAAATTCGGGAT AGTCAGTCAG CC GGACTACHVGGGTWTCTAAT        806rcbc29,CAAATTCGGGAT,AATGATACGGCGACCACCGAGATCTACACGCCTCCCTCGCGCCATCAGAGATGTG,469024,T1,Kylie
272,3407.0,5.0,220.0,332.0,1334.0,0.0,545.0,20.0,176.0,1821.0,0.0,13.0,0.0,0.0,16.0,3.0,0.0,7.0,0.0,0.0,0.0,0.0,0.0,0.0,6.0,0.0,0.0,252,30.0,CAAGCAGAAGACGGCATACGAGAT AGATTGACCAAC AGTCAGTCAG CC GGACTACHVGGGTWTCTAAT        806rcbc30,AGATTGACCAAC,AATGATACGGCGACCACCGAGATCTACACGCCTCCCTCGCGCCATCAGAGATGTG,469034,T1,Kylie
273,39.0,31.0,364.0,603.0,6988.0,0.0,1593.0,190.0,12.0,4.0,9.0,71.0,0.0,0.0,11.0,4.0,0.0,6.0,0.0,0.0,0.0,0.0,0.0,0.0,15.0,0.0,0.0,253,31.0,CAAGCAGAAGACGGCATACGAGAT AGTTACGAGCTA AGTCAGTCAG CC GGACTACHVGGGTWTCTAAT        806rcbc31,AGTTACGAGCTA,AATGATACGGCGACCACCGAGATCTACACGCCTCCCTCGCGCCATCAGAGATGTG,469019,T2,Kylie
274,101.0,3143.0,3702.0,122.0,4695.0,0.0,254.0,393.0,75.0,10.0,9.0,2791.0,0.0,58.0,0.0,15.0,0.0,99.0,0.0,5.0,0.0,0.0,5628.0,0.0,27.0,5.0,0.0,254,32.0,CAAGCAGAAGACGGCATACGAGAT GCATATGCACTG AGTCAGTCAG CC GGACTACHVGGGTWTCTAAT        806rcbc32,GCATATGCACTG,AATGATACGGCGACCACCGAGATCTACACGCCTCCCTCGCGCCATCAGAGATGTG,369049,HC,Kylie
275,4149.0,8.0,1736.0,161.0,5251.0,3.0,14.0,5.0,0.0,0.0,0.0,388.0,0.0,0.0,0.0,10.0,0.0,0.0,0.0,0.0,0.0,0.0,0.0,0.0,0.0,0.0,0.0,255,33.0,CAAGCAGAAGACGGCATACGAGAT CAACTCCCGTGA AGTCAGTCAG CC GGACTACHVGGGTWTCTAAT        806rcbc33,CAACTCCCGTGA,AATGATACGGCGACCACCGAGATCTACACGCCTCCCTCGCGCCATCAGAGATGTG,469016,T2,Kylie
276,1747.0,894.0,6378.0,1101.0,3921.0,81.0,623.0,229.0,346.0,132.0,177.0,1938.0,0.0,24.0,32.0,109.0,0.0,122.0,0.0,27.0,0.0,0.0,0.0,0.0,15.0,7.0,0.0,256,34.0,CAAGCAGAAGACGGCATACGAGAT TTGCGTTAGCAG AGTCAGTCAG CC GGACTACHVGGGTWTCTAAT        806rcbc34,TTGCGTTAGCAG,AATGATACGGCGACCACCGAGATCTACACGCCTCCCTCGCGCCATCAGAGATGTG,369093,HC,Kylie
277,221.0,339.0,4859.0,238.0,9317.0,0.0,2701.0,115.0,35.0,5.0,9.0,526.0,0.0,3.0,0.0,11.0,2.0,11.0,0.0,0.0,0.0,0.0,0.0,0.0,14.0,0.0,0.0,257,35.0,CAAGCAGAAGACGGCATACGAGAT TACGAGCCCTAA AGTCAGTCAG CC GGACTACHVGGGTWTCTAAT        806rcbc35,TACGAGCCCTAA,AATGATACGGCGACCACCGAGATCTACACGCCTCCCTCGCGCCATCAGAGATGTG,369030,T2,Kylie
278,1830.0,3052.0,6476.0,2414.0,3428.0,124.0,211.0,163.0,1739.0,6.0,36.0,532.0,0.0,0.0,0.0,4.0,0.0,13.0,0.0,0.0,0.0,0.0,0.0,0.0,0.0,21.0,0.0,258,36.0,CAAGCAGAAGACGGCATACGAGAT CACTACGCTAGA AGTCAGTCAG CC GGACTACHVGGGTWTCTAAT        806rcbc36,CACTACGCTAGA,AATGATACGGCGACCACCGAGATCTACACGCCTCCCTCGCGCCATCAGAGATGTG,721,T2,Kylie
279,877.0,2319.0,17174.0,137.0,2935.0,76.0,407.0,50.0,24.0,6.0,11.0,503.0,0.0,9.0,0.0,0.0,0.0,65.0,0.0,17.0,102.0,0.0,2.0,0.0,10.0,18.0,0.0,259,37.0,CAAGCAGAAGACGGCATACGAGAT TGCAGTCCTCGA AGTCAGTCAG CC GGACTACHVGGGTWTCTAAT        806rcbc37,TGCAGTCCTCGA,AATGATACGGCGACCACCGAGATCTACACGCCTCCCTCGCGCCATCAGAGATGTG,369074,T1,Kylie
28,5168.0,8803.0,7878.0,298.0,5926.0,0.0,68.0,63.0,0.0,101.0,105.0,2444.0,0.0,74.0,0.0,0.0,0.0,35.0,0.0,11.0,0.0,0.0,0.0,0.0,0.0,5.0,54.0,8,74.0,CAAGCAGAAGACGGCATACGAGAT TAGGCATGCTTG AGTCAGTCAG CC GGACTACHVGGGTWTCTAAT        806rcbc74,TAGGCATGCTTG,AATGATACGGCGACCACCGAGATCTACACGCCTCCCTCGCGCCATCAGAGATGTG,369098,HC,Kylie
280,220.0,2424.0,4276.0,203.0,2768.0,7.0,279.0,85.0,37.0,12.0,1259.0,3081.0,0.0,0.0,9.0,23.0,30.0,54.0,0.0,4.0,0.0,0.0,0.0,0.0,4.0,0.0,0.0,260,38.0,CAAGCAGAAGACGGCATACGAGAT ACCATAGCTCCG AGTCAGTCAG CC GGACTACHVGGGTWTCTAAT        806rcbc38,ACCATAGCTCCG,AATGATACGGCGACCACCGAGATCTACACGCCTCCCTCGCGCCATCAGAGATGTG,369132,HC,Kylie
281,4867.0,1828.0,4552.0,3264.0,8396.0,0.0,27.0,10.0,147.0,6.0,8.0,2466.0,25.0,0.0,0.0,189.0,0.0,472.0,0.0,10.0,0.0,29.0,0.0,0.0,5.0,0.0,0.0,261,39.0,CAAGCAGAAGACGGCATACGAGAT TCGACATCTCTT AGTCAGTCAG CC GGACTACHVGGGTWTCTAAT        806rcbc39,TCGACATCTCTT,AATGATACGGCGACCACCGAGATCTACACGCCTCCCTCGCGCCATCAGAGATGTG,369091,T2,Kylie
282,123.0,72.0,3160.0,189.0,1951.0,0.0,45.0,35.0,20.0,8.0,4.0,107.0,0.0,9.0,0.0,22.0,0.0,75.0,0.0,0.0,0.0,0.0,0.0,0.0,0.0,0.0,0.0,262,40.0,CAAGCAGAAGACGGCATACGAGAT GAACACTTTGGA AGTCAGTCAG CC GGACTACHVGGGTWTCTAAT        806rcbc40,GAACACTTTGGA,AATGATACGGCGACCACCGAGATCTACACGCCTCCCTCGCGCCATCAGAGATGTG,469031,T2,Kylie
283,197.0,257.0,3761.0,6314.0,2834.0,6.0,460.0,45.0,7.0,5.0,2011.0,351.0,9.0,60.0,0.0,107.0,218.0,68.0,0.0,0.0,0.0,0.0,0.0,0.0,31.0,0.0,0.0,263,41.0,CAAGCAGAAGACGGCATACGAGAT GAGCCATCTGTA AGTCAGTCAG CC GGACTACHVGGGTWTCTAAT        806rcbc41,GAGCCATCTGTA,AATGATACGGCGACCACCGAGATCTACACGCCTCCCTCGCGCCATCAGAGATGTG,369087,T1,Kylie
284,69.0,47.0,267.0,70.0,814.0,0.0,99.0,32.0,10.0,25.0,4.0,85.0,0.0,0.0,115.0,10.0,3.0,6.0,0.0,0.0,0.0,0.0,0.0,0.0,4.0,7.0,0.0,264,42.0,CAAGCAGAAGACGGCATACGAGAT TTGGGTACACGT AGTCAGTCAG CC GGACTACHVGGGTWTCTAAT        806rcbc42,TTGGGTACACGT,AATGATACGGCGACCACCGAGATCTACACGCCTCCCTCGCGCCATCAGAGATGTG,469041,T1,Kylie
285,481.0,328.0,2542.0,233.0,1859.0,0.0,355.0,7.0,10.0,2.0,4.0,241.0,0.0,56.0,0.0,3.0,0.0,32.0,55.0,0.0,0.0,5.0,0.0,0.0,0.0,0.0,0.0,265,43.0,CAAGCAGAAGACGGCATACGAGAT AAGGCGCTCCTT AGTCAGTCAG CC GGACTACHVGGGTWTCTAAT        806rcbc43,AAGGCGCTCCTT,AATGATACGGCGACCACCGAGATCTACACGCCTCCCTCGCGCCATCAGAGATGTG,369129,HC,Kylie
286,1028.0,45.0,5618.0,1936.0,2788.0,14.0,290.0,129.0,7.0,10.0,2614.0,1202.0,0.0,0.0,21.0,125.0,0.0,126.0,0.0,8.0,0.0,0.0,0.0,0.0,10.0,31.0,0.0,266,45.0,CAAGCAGAAGACGGCATACGAGAT TCGGAATTAGAC AGTCAGTCAG CC GGACTACHVGGGTWTCTAAT        806rcbc45,TCGGAATTAGAC,AATGATACGGCGACCACCGAGATCTACACGCCTCCCTCGCGCCATCAGAGATGTG,469008,T1,Kylie
287,6784.0,8.0,5209.0,30.0,3672.0,0.0,62.0,51.0,0.0,0.0,0.0,17.0,0.0,0.0,0.0,184.0,3.0,11.0,0.0,0.0,0.0,3.0,0.0,0.0,0.0,14.0,0.0,267,47.0,CAAGCAGAAGACGGCATACGAGAT CATTCGTGGCGT AGTCAGTCAG CC GGACTACHVGGGTWTCTAAT        806rcbc47,CATTCGTGGCGT,AATGATACGGCGACCACCGAGATCTACACGCCTCCCTCGCGCCATCAGAGATGTG,711,T2,Kylie
288,1667.0,2259.0,6931.0,85.0,4303.0,205.0,270.0,142.0,281.0,2.0,1429.0,267.0,5.0,1679.0,11.0,6.0,3.0,126.0,0.0,63.0,0.0,0.0,0.0,0.0,0.0,57.0,0.0,268,50.0,CAAGCAGAAGACGGCATACGAGAT GATGTTCGCTAG AGTCAGTCAG CC GGACTACHVGGGTWTCTAAT        806rcbc50,GATGTTCGCTAG,AATGATACGGCGACCACCGAGATCTACACGCCTCCCTCGCGCCATCAGAGATGTG,369119,T1,Kylie
289,178.0,1312.0,4847.0,51.0,2182.0,53.0,32.0,5.0,44.0,181.0,32.0,305.0,0.0,25.0,37.0,2.0,0.0,0.0,0.0,0.0,0.0,0.0,0.0,0.0,0.0,0.0,0.0,269,51.0,CAAGCAGAAGACGGCATACGAGAT CTATCTCCTGTC AGTCAGTCAG CC GGACTACHVGGGTWTCTAAT        806rcbc51,CTATCTCCTGTC,AATGATACGGCGACCACCGAGATCTACACGCCTCCCTCGCGCCATCAGAGATGTG,369126,HC,Kylie
29,250.0,0.0,12216.0,69.0,1359.0,1226.0,88.0,202.0,151.0,106.0,223.0,2468.0,7.0,105.0,39.0,0.0,394.0,112.0,0.0,5.0,0.0,0.0,0.0,0.0,12.0,12.0,14.0,9,75.0,CAAGCAGAAGACGGCATACGAGAT AACTAGTTCAGG AGTCAGTCAG CC GGACTACHVGGGTWTCTAAT        806rcbc75,AACTAGTTCAGG,AATGATACGGCGACCACCGAGATCTACACGCCTCCCTCGCGCCATCAGAGATGTG,369054,HC,Kylie
290,1711.0,4904.0,3090.0,203.0,4385.0,0.0,25.0,51.0,97.0,4.0,1191.0,85.0,0.0,0.0,30.0,0.0,0.0,147.0,0.0,0.0,0.0,2.0,0.0,0.0,6.0,0.0,0.0,270,52.0,CAAGCAGAAGACGGCATACGAGAT ACTCACAGGAAT AGTCAGTCAG CC GGACTACHVGGGTWTCTAAT        806rcbc52,ACTCACAGGAAT,AATGATACGGCGACCACCGAGATCTACACGCCTCCCTCGCGCCATCAGAGATGTG,369085,T1,Kylie
291,7104.0,45.0,1780.0,513.0,6990.0,0.0,255.0,4.0,357.0,6.0,0.0,1203.0,14.0,0.0,0.0,3.0,0.0,3.0,0.0,0.0,0.0,21.0,0.0,0.0,0.0,0.0,0.0,271,54.0,CAAGCAGAAGACGGCATACGAGAT GTCGACAGAGGA AGTCAGTCAG CC GGACTACHVGGGTWTCTAAT        806rcbc54,GTCGACAGAGGA,AATGATACGGCGACCACCGAGATCTACACGCCTCCCTCGCGCCATCAGAGATGTG,713,T1,Kylie
292,2316.0,12.0,3777.0,68.0,5283.0,0.0,1422.0,16.0,48.0,0.0,2.0,411.0,0.0,0.0,0.0,8.0,0.0,308.0,0.0,0.0,0.0,0.0,0.0,0.0,6.0,0.0,0.0,272,55.0,CAAGCAGAAGACGGCATACGAGAT TGTCGCAAATAG AGTCAGTCAG CC GGACTACHVGGGTWTCTAAT        806rcbc55,TGTCGCAAATAG,AATGATACGGCGACCACCGAGATCTACACGCCTCCCTCGCGCCATCAGAGATGTG,369115,HC,Kylie
293,7906.0,17.0,2245.0,142.0,5499.0,0.0,251.0,94.0,138.0,0.0,4.0,214.0,0.0,0.0,0.0,6.0,0.0,24.0,0.0,0.0,0.0,13.0,0.0,0.0,0.0,0.0,0.0,273,57.0,CAAGCAGAAGACGGCATACGAGAT TATACCGCTGCG AGTCAGTCAG CC GGACTACHVGGGTWTCTAAT        806rcbc57,TATACCGCTGCG,AATGATACGGCGACCACCGAGATCTACACGCCTCCCTCGCGCCATCAGAGATGTG,469039,T2,Kylie
294,5904.0,47.0,2655.0,6066.0,4297.0,0.0,853.0,76.0,8.0,5.0,91.0,368.0,0.0,3.0,0.0,88.0,11.0,5.0,0.0,4.0,0.0,0.0,0.0,0.0,0.0,8.0,0.0,274,58.0,CAAGCAGAAGACGGCATACGAGAT AGTTGAGGCATT AGTCAGTCAG CC GGACTACHVGGGTWTCTAAT        806rcbc58,AGTTGAGGCATT,AATGATACGGCGACCACCGAGATCTACACGCCTCCCTCGCGCCATCAGAGATGTG,469022,T2,Kylie
295,398.0,1649.0,2478.0,422.0,13695.0,0.0,1543.0,181.0,128.0,1607.0,72.0,173.0,6.0,11.0,20.0,63.0,6.0,48.0,0.0,0.0,2.0,0.0,0.0,0.0,0.0,6.0,0.0,275,59.0,CAAGCAGAAGACGGCATACGAGAT ACAATAGACACC AGTCAGTCAG CC GGACTACHVGGGTWTCTAAT        806rcbc59,ACAATAGACACC,AATGATACGGCGACCACCGAGATCTACACGCCTCCCTCGCGCCATCAGAGATGTG,369076,T1,Kylie
296,1589.0,2749.0,9863.0,51.0,3340.0,29.0,432.0,134.0,0.0,7.0,350.0,202.0,0.0,77.0,0.0,190.0,0.0,58.0,0.0,0.0,0.0,0.0,0.0,0.0,5.0,11.0,0.0,276,78.0,CAAGCAGAAGACGGCATACGAGAT GTACGATATGAC AGTCAGTCAG CC GGACTACHVGGGTWTCTAAT        806rcbc78,GTACGATATGAC,AATGATACGGCGACCACCGAGATCTACACGCCTCCCTCGCGCCATCAGAGATGTG,469073,HC,Kylie
297,55.0,0.0,9280.0,265.0,8031.0,0.0,251.0,73.0,0.0,44.0,0.0,220.0,0.0,0.0,0.0,4.0,0.0,13.0,0.0,17.0,0.0,0.0,0.0,0.0,15.0,6.0,0.0,277,79.0,CAAGCAGAAGACGGCATACGAGAT GTGGTGGTTTCC AGTCAGTCAG CC GGACTACHVGGGTWTCTAAT        806rcbc79,GTGGTGGTTTCC,AATGATACGGCGACCACCGAGATCTACACGCCTCCCTCGCGCCATCAGAGATGTG,369113,HC,Kylie
298,0.0,277.0,4671.0,129.0,7675.0,19.0,143.0,116.0,0.0,10.0,0.0,2598.0,0.0,143.0,534.0,0.0,0.0,714.0,0.0,0.0,0.0,0.0,0.0,0.0,12.0,0.0,0.0,278,80.0,CAAGCAGAAGACGGCATACGAGAT TAGTATGCGCAA AGTCAGTCAG CC GGACTACHVGGGTWTCTAAT        806rcbc80,TAGTATGCGCAA,AATGATACGGCGACCACCGAGATCTACACGCCTCCCTCGCGCCATCAGAGATGTG,369033,HC,Kylie
299,348.0,4152.0,566.0,419.0,4493.0,316.0,213.0,311.0,187.0,6.0,0.0,5745.0,0.0,0.0,44.0,0.0,0.0,0.0,0.0,24.0,167.0,0.0,0.0,0.0,23.0,0.0,0.0,279,81.0,CAAGCAGAAGACGGCATACGAGAT TGCGCTGAATGT AGTCAGTCAG CC GGACTACHVGGGTWTCTAAT        806rcbc81,TGCGCTGAATGT,AATGATACGGCGACCACCGAGATCTACACGCCTCCCTCGCGCCATCAGAGATGTG,469112,T2,Kylie
30,15.0,66.0,5740.0,53.0,3229.0,0.0,6050.0,77.0,136.0,0.0,0.0,583.0,2.0,0.0,43.0,0.0,82.0,1331.0,0.0,3.0,0.0,0.0,0.0,0.0,0.0,6.0,0.0,10,76.0,CAAGCAGAAGACGGCATACGAGAT ATTCTGCCGAAG AGTCAGTCAG CC GGACTACHVGGGTWTCTAAT        806rcbc76,ATTCTGCCGAAG,AATGATACGGCGACCACCGAGATCTACACGCCTCCCTCGCGCCATCAGAGATGTG,369081,T1,Kylie
300,852.0,25.0,8445.0,27.0,9587.0,58.0,1864.0,31.0,111.0,4.0,34.0,697.0,0.0,140.0,7.0,0.0,0.0,771.0,0.0,32.0,0.0,0.0,0.0,0.0,0.0,0.0,0.0,280,82.0,CAAGCAGAAGACGGCATACGAGAT ATGGCTGTCAGT AGTCAGTCAG CC GGACTACHVGGGTWTCTAAT        806rcbc82,ATGGCTGTCAGT,AATGATACGGCGACCACCGAGATCTACACGCCTCCCTCGCGCCATCAGAGATGTG,469056,HC,Kylie
301,380.0,4924.0,3528.0,1804.0,3904.0,0.0,595.0,402.0,0.0,155.0,0.0,3939.0,0.0,23.0,36.0,15.0,0.0,7.0,0.0,0.0,0.0,0.0,0.0,0.0,0.0,0.0,0.0,281,83.0,CAAGCAGAAGACGGCATACGAGAT GTTCTCTTCTCG AGTCAGTCAG CC GGACTACHVGGGTWTCTAAT        806rcbc83,GTTCTCTTCTCG,AATGATACGGCGACCACCGAGATCTACACGCCTCCCTCGCGCCATCAGAGATGTG,369012,HC,Kylie
302,1389.0,0.0,14280.0,217.0,7021.0,0.0,219.0,34.0,2.0,21.0,0.0,129.0,0.0,0.0,0.0,276.0,0.0,0.0,0.0,0.0,0.0,0.0,0.0,0.0,6.0,208.0,0.0,282,84.0,CAAGCAGAAGACGGCATACGAGAT CGTAAGATGCCT AGTCAGTCAG CC GGACTACHVGGGTWTCTAAT        806rcbc84,CGTAAGATGCCT,AATGATACGGCGACCACCGAGATCTACACGCCTCCCTCGCGCCATCAGAGATGTG,369010,HC,Kylie
303,931.0,17.0,1298.0,1036.0,1185.0,5.0,335.0,201.0,0.0,0.0,0.0,2940.0,0.0,9.0,28.0,87.0,0.0,9.0,0.0,5.0,0.0,0.0,0.0,0.0,10.0,29.0,0.0,283,85.0,CAAGCAGAAGACGGCATACGAGAT GCGTTCTAGCTG AGTCAGTCAG CC GGACTACHVGGGTWTCTAAT        806rcbc85,GCGTTCTAGCTG,AATGATACGGCGACCACCGAGATCTACACGCCTCCCTCGCGCCATCAGAGATGTG,719,T1,Kylie
304,0.0,234.0,1530.0,23.0,748.0,2.0,107.0,17.0,0.0,0.0,0.0,1656.0,0.0,3.0,26.0,0.0,0.0,147.0,0.0,0.0,0.0,0.0,0.0,0.0,14.0,0.0,0.0,284,87.0,CAAGCAGAAGACGGCATACGAGAT GGACTTCCAGCT AGTCAGTCAG CC GGACTACHVGGGTWTCTAAT        806rcbc87,GGACTTCCAGCT,AATGATACGGCGACCACCGAGATCTACACGCCTCCCTCGCGCCATCAGAGATGTG,469080,HC,Kylie
305,6152.0,322.0,3751.0,58.0,3698.0,6.0,332.0,100.0,0.0,0.0,25.0,2273.0,0.0,106.0,83.0,135.0,10.0,49.0,0.0,0.0,0.0,7.0,0.0,0.0,4.0,47.0,0.0,285,88.0,CAAGCAGAAGACGGCATACGAGAT CTCACAACCGTG AGTCAGTCAG CC GGACTACHVGGGTWTCTAAT        806rcbc88,CTCACAACCGTG,AATGATACGGCGACCACCGAGATCTACACGCCTCCCTCGCGCCATCAGAGATGTG,369001,HC,Kylie
306,590.0,1902.0,4186.0,116.0,6604.0,0.0,370.0,318.0,193.0,0.0,0.0,2695.0,4.0,0.0,0.0,64.0,0.0,4.0,0.0,57.0,0.0,0.0,0.0,0.0,12.0,3.0,0.0,286,91.0,CAAGCAGAAGACGGCATACGAGAT TGTAACGCCGAT AGTCAGTCAG CC GGACTACHVGGGTWTCTAAT        806rcbc91,TGTAACGCCGAT,AATGATACGGCGACCACCGAGATCTACACGCCTCCCTCGCGCCATCAGAGATGTG,369048,T2,Kylie
307,535.0,3222.0,7599.0,16.0,1308.0,0.0,211.0,131.0,5.0,0.0,525.0,1527.0,20.0,0.0,79.0,138.0,0.0,67.0,0.0,2.0,0.0,0.0,0.0,0.0,19.0,0.0,0.0,287,92.0,CAAGCAGAAGACGGCATACGAGAT AGCAGAACATCT AGTCAGTCAG CC GGACTACHVGGGTWTCTAAT        806rcbc92,AGCAGAACATCT,AATGATACGGCGACCACCGAGATCTACACGCCTCCCTCGCGCCATCAGAGATGTG,469103,T1,Kylie
308,3390.0,0.0,10125.0,38.0,3836.0,0.0,361.0,7.0,0.0,39.0,104.0,102.0,0.0,418.0,4.0,38.0,133.0,700.0,0.0,46.0,0.0,0.0,0.0,0.0,0.0,29.0,0.0,288,93.0,CAAGCAGAAGACGGCATACGAGAT TGGAGTAGGTGG AGTCAGTCAG CC GGACTACHVGGGTWTCTAAT        806rcbc93,TGGAGTAGGTGG,AATGATACGGCGACCACCGAGATCTACACGCCTCCCTCGCGCCATCAGAGATGTG,469074,HC,Kylie
31,3434.0,9423.0,3851.0,346.0,1776.0,86.0,90.0,181.0,2.0,122.0,1569.0,269.0,0.0,0.0,0.0,0.0,0.0,10.0,0.0,0.0,0.0,4.0,0.0,0.0,5.0,0.0,0.0,11,77.0,CAAGCAGAAGACGGCATACGAGAT AGCATGTCCCGT AGTCAGTCAG CC GGACTACHVGGGTWTCTAAT        806rcbc77,AGCATGTCCCGT,AATGATACGGCGACCACCGAGATCTACACGCCTCCCTCGCGCCATCAGAGATGTG,722,T1,Kylie
310,343.0,2795.0,1849.0,94.0,1521.0,52.0,20.0,69.0,109.0,0.0,0.0,188.0,0.0,96.0,0.0,0.0,0.0,169.0,0.0,0.0,0.0,0.0,0.0,0.0,2.0,3.0,0.0,290,95.0,CAAGCAGAAGACGGCATACGAGAT GATCCCACGTAC AGTCAGTCAG CC GGACTACHVGGGTWTCTAAT        806rcbc95,GATCCCACGTAC,AATGATACGGCGACCACCGAGATCTACACGCCTCCCTCGCGCCATCAGAGATGTG,369008,HC,Kylie
311,1119.0,3862.0,5445.0,59.0,4986.0,594.0,1452.0,46.0,23.0,3.0,165.0,323.0,10.0,713.0,5.0,44.0,219.0,43.0,0.0,9.0,0.0,0.0,0.0,0.0,9.0,0.0,45.0,291,155.0,CAAGCAGAAGACGGCATACGAGAT TCAGTTCTCGTT AGTCAGTCAG CC GGACTACHVGGGTWTCTAAT        806rcbc155,TCAGTTCTCGTT,AATGATACGGCGACCACCGAGATCTACACGCCTCCCTCGCGCCATCAGAGATGTG,369079,HC,Kylie
312,1156.0,2491.0,9801.0,1103.0,6779.0,170.0,273.0,66.0,321.0,0.0,9.0,1237.0,0.0,2356.0,0.0,0.0,0.0,173.0,0.0,62.0,0.0,0.0,0.0,0.0,0.0,31.0,0.0,292,156.0,CAAGCAGAAGACGGCATACGAGAT TCGTGCGTGTTG AGTCAGTCAG CC GGACTACHVGGGTWTCTAAT        806rcbc156,TCGTGCGTGTTG,AATGATACGGCGACCACCGAGATCTACACGCCTCCCTCGCGCCATCAGAGATGTG,369119,T2,Kylie
313,2626.0,0.0,5726.0,297.0,7941.0,16.0,145.0,326.0,0.0,7.0,289.0,3814.0,37.0,160.0,119.0,415.0,396.0,120.0,0.0,0.0,0.0,0.0,0.0,0.0,0.0,37.0,0.0,293,157.0,CAAGCAGAAGACGGCATACGAGAT GTTATCGCATGG AGTCAGTCAG CC GGACTACHVGGGTWTCTAAT        806rcbc157,GTTATCGCATGG,AATGATACGGCGACCACCGAGATCTACACGCCTCCCTCGCGCCATCAGAGATGTG,469104,T1,Kylie
314,2843.0,5410.0,5902.0,1460.0,3992.0,0.0,5.0,120.0,140.0,66.0,119.0,140.0,46.0,0.0,4.0,318.0,0.0,0.0,0.0,4.0,0.0,7.0,0.0,0.0,25.0,7.0,0.0,294,158.0,CAAGCAGAAGACGGCATACGAGAT GATCACGAGAGG AGTCAGTCAG CC GGACTACHVGGGTWTCTAAT        806rcbc158,GATCACGAGAGG,AATGATACGGCGACCACCGAGATCTACACGCCTCCCTCGCGCCATCAGAGATGTG,369091,T1,Kylie
316,141.0,188.0,1143.0,17.0,996.0,45.0,34.0,0.0,0.0,0.0,26.0,11.0,0.0,10.0,0.0,38.0,0.0,36.0,0.0,2.0,0.0,0.0,0.0,0.0,0.0,19.0,0.0,F1,96.0,CAAGCAGAAGACGGCATACGAGAT TACCGCTTCTTC AGTCAGTCAG CC GGACTACHVGGGTWTCTAAT        806rcbc96,TACCGCTTCTTC,AATGATACGGCGACCACCGAGATCTACACGCCTCCCTCGCGCCATCAGAGATGTG,769051,HC,Kylie
317,4400.0,153.0,11104.0,106.0,6486.0,28.0,114.0,47.0,184.0,15.0,496.0,102.0,0.0,0.0,0.0,0.0,0.0,208.0,0.0,0.0,12.0,0.0,0.0,0.0,14.0,181.0,0.0,F10,106.0,CAAGCAGAAGACGGCATACGAGAT TCTTGGAGGTCA AGTCAGTCAG CC GGACTACHVGGGTWTCTAAT        806rcbc106,TCTTGGAGGTCA,AATGATACGGCGACCACCGAGATCTACACGCCTCCCTCGCGCCATCAGAGATGTG,769062,HC,Kylie
318,4637.0,2.0,3544.0,198.0,11733.0,0.0,425.0,50.0,52.0,6.0,0.0,1134.0,0.0,30.0,0.0,119.0,0.0,24.0,0.0,0.0,0.0,0.0,0.0,0.0,0.0,0.0,0.0,F11,107.0,CAAGCAGAAGACGGCATACGAGAT TCACCTCCTTGT AGTCAGTCAG CC GGACTACHVGGGTWTCTAAT        806rcbc107,TCACCTCCTTGT,AATGATACGGCGACCACCGAGATCTACACGCCTCCCTCGCGCCATCAGAGATGTG,769063,HC,Kylie
319,1610.0,1977.0,903.0,207.0,12629.0,0.0,2326.0,47.0,0.0,1878.0,0.0,513.0,0.0,0.0,14.0,62.0,0.0,124.0,0.0,0.0,0.0,2.0,0.0,0.0,14.0,0.0,0.0,F12,108.0,CAAGCAGAAGACGGCATACGAGAT GCACACCTGATA AGTCAGTCAG CC GGACTACHVGGGTWTCTAAT        806rcbc108,GCACACCTGATA,AATGATACGGCGACCACCGAGATCTACACGCCTCCCTCGCGCCATCAGAGATGTG,769064,HC,Kylie
320,1187.0,3399.0,7429.0,70.0,3320.0,194.0,1350.0,76.0,0.0,121.0,215.0,1989.0,0.0,2196.0,58.0,47.0,1175.0,72.0,0.0,0.0,0.0,0.0,0.0,0.0,0.0,4.0,0.0,F13,111.0,CAAGCAGAAGACGGCATACGAGAT AGCTGTCAAGCT AGTCAGTCAG CC GGACTACHVGGGTWTCTAAT        806rcbc111,AGCTGTCAAGCT,AATGATACGGCGACCACCGAGATCTACACGCCTCCCTCGCGCCATCAGAGATGTG,769065,HC,Kylie
321,151.0,3451.0,13237.0,1400.0,4012.0,0.0,116.0,280.0,1421.0,0.0,371.0,315.0,34.0,0.0,82.0,0.0,0.0,734.0,0.0,0.0,0.0,0.0,0.0,0.0,3.0,6.0,0.0,F14,112.0,CAAGCAGAAGACGGCATACGAGAT GAGAGCAACAGA AGTCAGTCAG CC GGACTACHVGGGTWTCTAAT        806rcbc112,GAGAGCAACAGA,AATGATACGGCGACCACCGAGATCTACACGCCTCCCTCGCGCCATCAGAGATGTG,769066,HC,Kylie
322,1131.0,0.0,7958.0,76.0,3801.0,1880.0,292.0,391.0,0.0,12.0,2018.0,1579.0,0.0,98.0,0.0,0.0,0.0,64.0,0.0,5.0,0.0,0.0,0.0,0.0,18.0,73.0,0.0,F15,113.0,CAAGCAGAAGACGGCATACGAGAT TACTCGGGAACT AGTCAGTCAG CC GGACTACHVGGGTWTCTAAT        806rcbc113,TACTCGGGAACT,AATGATACGGCGACCACCGAGATCTACACGCCTCCCTCGCGCCATCAGAGATGTG,769067,HC,Kylie
323,469.0,1835.0,9214.0,37.0,3300.0,0.0,227.0,108.0,0.0,2.0,9.0,1995.0,0.0,333.0,0.0,66.0,175.0,276.0,0.0,0.0,0.0,0.0,0.0,0.0,0.0,0.0,0.0,F16,114.0,CAAGCAGAAGACGGCATACGAGAT CGTGCTTAGGCT AGTCAGTCAG CC GGACTACHVGGGTWTCTAAT        806rcbc114,CGTGCTTAGGCT,AATGATACGGCGACCACCGAGATCTACACGCCTCCCTCGCGCCATCAGAGATGTG,769068,HC,Kylie
324,4512.0,3540.0,5839.0,125.0,5318.0,0.0,366.0,31.0,0.0,5.0,8.0,1834.0,0.0,37.0,0.0,0.0,0.0,150.0,0.0,47.0,0.0,26.0,0.0,0.0,4.0,11.0,0.0,F17,115.0,CAAGCAGAAGACGGCATACGAGAT TACCGAAGGTAT AGTCAGTCAG CC GGACTACHVGGGTWTCTAAT        806rcbc115,TACCGAAGGTAT,AATGATACGGCGACCACCGAGATCTACACGCCTCCCTCGCGCCATCAGAGATGTG,769069,HC,Kylie
325,135.0,356.0,10297.0,787.0,3968.0,0.0,406.0,159.0,15.0,214.0,82.0,1952.0,0.0,31.0,8.0,0.0,376.0,347.0,0.0,0.0,0.0,13.0,0.0,0.0,50.0,0.0,0.0,F18,116.0,CAAGCAGAAGACGGCATACGAGAT CACTCATCATTC AGTCAGTCAG CC GGACTACHVGGGTWTCTAAT        806rcbc116,CACTCATCATTC,AATGATACGGCGACCACCGAGATCTACACGCCTCCCTCGCGCCATCAGAGATGTG,769070,HC,Kylie
326,45.0,55.0,7308.0,2513.0,12662.0,0.0,4873.0,55.0,74.0,5.0,0.0,154.0,0.0,0.0,39.0,0.0,0.0,0.0,0.0,0.0,0.0,79.0,0.0,0.0,37.0,0.0,0.0,F19,117.0,CAAGCAGAAGACGGCATACGAGAT GTATTTCGGACG AGTCAGTCAG CC GGACTACHVGGGTWTCTAAT        806rcbc117,GTATTTCGGACG,AATGATACGGCGACCACCGAGATCTACACGCCTCCCTCGCGCCATCAGAGATGTG,769071,HC,Kylie
327,7424.0,4690.0,6355.0,278.0,3605.0,0.0,104.0,110.0,4622.0,128.0,0.0,2196.0,5.0,0.0,4.0,0.0,0.0,414.0,0.0,0.0,0.0,178.0,0.0,0.0,10.0,226.0,0.0,F2,97.0,CAAGCAGAAGACGGCATACGAGAT TGTGCGATAACA AGTCAGTCAG CC GGACTACHVGGGTWTCTAAT        806rcbc97,TGTGCGATAACA,AATGATACGGCGACCACCGAGATCTACACGCCTCCCTCGCGCCATCAGAGATGTG,769052,HC,Kylie
328,1641.0,4214.0,3155.0,2762.0,5442.0,0.0,2877.0,18.0,4244.0,0.0,0.0,200.0,0.0,4.0,11.0,0.0,0.0,62.0,0.0,0.0,0.0,5.0,0.0,0.0,0.0,5.0,0.0,F20,118.0,CAAGCAGAAGACGGCATACGAGAT TATCTATCCTGC AGTCAGTCAG CC GGACTACHVGGGTWTCTAAT        806rcbc118,TATCTATCCTGC,AATGATACGGCGACCACCGAGATCTACACGCCTCCCTCGCGCCATCAGAGATGTG,769072,HC,Kylie
329,464.0,3253.0,7973.0,72.0,7392.0,0.0,4979.0,25.0,150.0,4.0,6.0,131.0,0.0,0.0,6.0,0.0,0.0,507.0,0.0,0.0,0.0,3.0,0.0,0.0,2.0,30.0,0.0,F21,154.0,CAAGCAGAAGACGGCATACGAGAT CGTACTCTCGAG AGTCAGTCAG CC GGACTACHVGGGTWTCTAAT        806rcbc154,CGTACTCTCGAG,AATGATACGGCGACCACCGAGATCTACACGCCTCCCTCGCGCCATCAGAGATGTG,769074,HC,Kylie
330,2084.0,1675.0,3043.0,83.0,7530.0,0.0,1877.0,152.0,1393.0,7.0,0.0,59.0,0.0,0.0,0.0,0.0,0.0,62.0,0.0,0.0,0.0,8.0,0.0,0.0,24.0,55.0,0.0,F22,120.0,CAAGCAGAAGACGGCATACGAGAT AGTAGCGGAAGA AGTCAGTCAG CC GGACTACHVGGGTWTCTAAT        806rcbc120,AGTAGCGGAAGA,AATGATACGGCGACCACCGAGATCTACACGCCTCCCTCGCGCCATCAGAGATGTG,769075,HC,Kylie
331,6814.0,40.0,10742.0,54.0,8374.0,308.0,256.0,51.0,0.0,0.0,15.0,235.0,0.0,44.0,38.0,113.0,0.0,285.0,0.0,13.0,0.0,35.0,0.0,0.0,4.0,132.0,0.0,F23,121.0,CAAGCAGAAGACGGCATACGAGAT GCAATTAGGTAC AGTCAGTCAG CC GGACTACHVGGGTWTCTAAT        806rcbc121,GCAATTAGGTAC,AATGATACGGCGACCACCGAGATCTACACGCCTCCCTCGCGCCATCAGAGATGTG,769075,HC,Kylie
332,205.0,2105.0,16149.0,413.0,4002.0,142.0,4273.0,606.0,71.0,2.0,0.0,2873.0,0.0,17.0,66.0,0.0,0.0,556.0,0.0,0.0,0.0,0.0,0.0,0.0,0.0,0.0,0.0,F24,122.0,CAAGCAGAAGACGGCATACGAGAT CATACCGTGAGT AGTCAGTCAG CC GGACTACHVGGGTWTCTAAT        806rcbc122,CATACCGTGAGT,AATGATACGGCGACCACCGAGATCTACACGCCTCCCTCGCGCCATCAGAGATGTG,769079,HC,Kylie
333,448.0,0.0,583.0,3637.0,12654.0,0.0,1914.0,52.0,0.0,99.0,0.0,1548.0,0.0,0.0,0.0,98.0,0.0,93.0,0.0,0.0,0.0,0.0,0.0,0.0,17.0,6.0,0.0,F25,124.0,CAAGCAGAAGACGGCATACGAGAT CCTGCGAAGTAT AGTCAGTCAG CC GGACTACHVGGGTWTCTAAT        806rcbc124,CCTGCGAAGTAT,AATGATACGGCGACCACCGAGATCTACACGCCTCCCTCGCGCCATCAGAGATGTG,769080,HC,Kylie
334,10471.0,1227.0,3527.0,3270.0,6229.0,0.0,704.0,191.0,9.0,4.0,1771.0,415.0,14.0,0.0,0.0,341.0,2.0,24.0,0.0,112.0,117.0,9.0,0.0,0.0,15.0,1204.0,0.0,F26,125.0,CAAGCAGAAGACGGCATACGAGAT TTCTCTCGACAT AGTCAGTCAG CC GGACTACHVGGGTWTCTAAT        806rcbc125,TTCTCTCGACAT,AATGATACGGCGACCACCGAGATCTACACGCCTCCCTCGCGCCATCAGAGATGTG,769001,T1,Kylie
335,343.0,0.0,2921.0,186.0,11900.0,35.0,2534.0,64.0,0.0,1089.0,0.0,1952.0,0.0,0.0,0.0,44.0,0.0,296.0,0.0,0.0,0.0,0.0,0.0,0.0,0.0,0.0,0.0,F27,126.0,CAAGCAGAAGACGGCATACGAGAT GCTCTCCGTAGA AGTCAGTCAG CC GGACTACHVGGGTWTCTAAT        806rcbc126,GCTCTCCGTAGA,AATGATACGGCGACCACCGAGATCTACACGCCTCCCTCGCGCCATCAGAGATGTG,769002,T1,Kylie
337,196.0,4206.0,1876.0,4345.0,1749.0,0.0,673.0,268.0,0.0,97.0,392.0,803.0,364.0,0.0,142.0,82.0,0.0,0.0,0.0,0.0,0.0,0.0,0.0,0.0,0.0,0.0,0.0,F29,128.0,CAAGCAGAAGACGGCATACGAGAT ATGCCATGCCGT AGTCAGTCAG CC GGACTACHVGGGTWTCTAAT        806rcbc128,ATGCCATGCCGT,AATGATACGGCGACCACCGAGATCTACACGCCTCCCTCGCGCCATCAGAGATGTG,769005,T1,Kylie
338,82.0,23.0,7735.0,22.0,3770.0,0.0,178.0,42.0,109.0,86.0,14.0,2612.0,0.0,29.0,297.0,0.0,0.0,243.0,0.0,0.0,0.0,0.0,0.0,0.0,0.0,6.0,0.0,F3,98.0,CAAGCAGAAGACGGCATACGAGAT GATTATCGACGA AGTCAGTCAG CC GGACTACHVGGGTWTCTAAT        806rcbc98,GATTATCGACGA,AATGATACGGCGACCACCGAGATCTACACGCCTCCCTCGCGCCATCAGAGATGTG,769053,HC,Kylie
339,467.0,522.0,5202.0,155.0,4909.0,0.0,2705.0,103.0,137.0,10.0,77.0,3006.0,4.0,326.0,9.0,74.0,367.0,37.0,0.0,387.0,0.0,0.0,0.0,0.0,13.0,20.0,4.0,F30,129.0,CAAGCAGAAGACGGCATACGAGAT GACATTGTCACG AGTCAGTCAG CC GGACTACHVGGGTWTCTAAT        806rcbc129,GACATTGTCACG,AATGATACGGCGACCACCGAGATCTACACGCCTCCCTCGCGCCATCAGAGATGTG,769006,T1,Kylie
340,6724.0,111.0,7629.0,2994.0,4747.0,77.0,373.0,36.0,37.0,0.0,2183.0,526.0,25.0,1721.0,5.0,0.0,352.0,104.0,0.0,26.0,0.0,20.0,0.0,0.0,30.0,0.0,0.0,F31,130.0,CAAGCAGAAGACGGCATACGAGAT GCCAACAACCAT AGTCAGTCAG CC GGACTACHVGGGTWTCTAAT        806rcbc130,GCCAACAACCAT,AATGATACGGCGACCACCGAGATCTACACGCCTCCCTCGCGCCATCAGAGATGTG,769007,T1,Kylie
341,459.0,3386.0,663.0,56.0,7004.0,0.0,420.0,299.0,0.0,0.0,0.0,4217.0,0.0,0.0,0.0,0.0,0.0,0.0,0.0,0.0,0.0,0.0,0.0,0.0,0.0,0.0,0.0,F32,132.0,CAAGCAGAAGACGGCATACGAGAT TCCTCGAGCGAT AGTCAGTCAG CC GGACTACHVGGGTWTCTAAT        806rcbc132,TCCTCGAGCGAT,AATGATACGGCGACCACCGAGATCTACACGCCTCCCTCGCGCCATCAGAGATGTG,769009,T1,Kylie
342,3343.0,106.0,3136.0,45.0,1804.0,0.0,119.0,210.0,152.0,81.0,12255.0,5657.0,12.0,289.0,10.0,0.0,0.0,63.0,0.0,5.0,0.0,0.0,0.0,0.0,0.0,0.0,0.0,F33,133.0,CAAGCAGAAGACGGCATACGAGAT ACCCAAGCGTTA AGTCAGTCAG CC GGACTACHVGGGTWTCTAAT        806rcbc133,ACCCAAGCGTTA,AATGATACGGCGACCACCGAGATCTACACGCCTCCCTCGCGCCATCAGAGATGTG,769013,T1,Kylie
343,932.0,27.0,4790.0,31.0,7865.0,0.0,3590.0,84.0,0.0,288.0,2961.0,4493.0,435.0,0.0,0.0,63.0,0.0,0.0,0.0,0.0,0.0,0.0,0.0,0.0,0.0,0.0,0.0,F34,134.0,CAAGCAGAAGACGGCATACGAGAT TGCAGCAAGATT AGTCAGTCAG CC GGACTACHVGGGTWTCTAAT        806rcbc134,TGCAGCAAGATT,AATGATACGGCGACCACCGAGATCTACACGCCTCCCTCGCGCCATCAGAGATGTG,769015,T1,Kylie
344,952.0,13.0,5442.0,235.0,3556.0,505.0,282.0,112.0,202.0,0.0,0.0,1574.0,0.0,954.0,13.0,0.0,0.0,294.0,0.0,19.0,0.0,0.0,0.0,0.0,0.0,18.0,0.0,F35,135.0,CAAGCAGAAGACGGCATACGAGAT AGCAACATTGCA AGTCAGTCAG CC GGACTACHVGGGTWTCTAAT        806rcbc135,AGCAACATTGCA,AATGATACGGCGACCACCGAGATCTACACGCCTCCCTCGCGCCATCAGAGATGTG,769017,T1,Kylie
345,590.0,4655.0,3594.0,662.0,233.0,0.0,537.0,83.0,0.0,1562.0,6441.0,4082.0,2883.0,0.0,0.0,52.0,0.0,0.0,0.0,101.0,0.0,0.0,0.0,0.0,0.0,13.0,0.0,F36,136.0,CAAGCAGAAGACGGCATACGAGAT GATGTGGTGTTA AGTCAGTCAG CC GGACTACHVGGGTWTCTAAT        806rcbc136,GATGTGGTGTTA,AATGATACGGCGACCACCGAGATCTACACGCCTCCCTCGCGCCATCAGAGATGTG,769018,T1,Kylie
346,14672.0,1531.0,3236.0,3714.0,7850.0,0.0,2609.0,179.0,108.0,197.0,0.0,153.0,0.0,0.0,12.0,1494.0,0.0,0.0,0.0,0.0,0.0,40.0,0.0,0.0,7.0,0.0,0.0,F37,137.0,CAAGCAGAAGACGGCATACGAGAT CAGAAATGTGTC AGTCAGTCAG CC GGACTACHVGGGTWTCTAAT        806rcbc137,CAGAAATGTGTC,AATGATACGGCGACCACCGAGATCTACACGCCTCCCTCGCGCCATCAGAGATGTG,769020,T1,Kylie
347,3625.0,1973.0,2380.0,166.0,11012.0,0.0,804.0,108.0,0.0,0.0,0.0,295.0,0.0,0.0,0.0,1224.0,0.0,0.0,0.0,50.0,222.0,0.0,0.0,0.0,0.0,3272.0,0.0,F38,138.0,CAAGCAGAAGACGGCATACGAGAT GTAGAGGTAGAG AGTCAGTCAG CC GGACTACHVGGGTWTCTAAT        806rcbc138,GTAGAGGTAGAG,AATGATACGGCGACCACCGAGATCTACACGCCTCCCTCGCGCCATCAGAGATGTG,769001,T2,Kylie
348,118.0,13.0,14408.0,253.0,4186.0,747.0,166.0,246.0,0.0,0.0,0.0,3897.0,0.0,0.0,0.0,75.0,0.0,798.0,0.0,0.0,0.0,0.0,0.0,0.0,0.0,0.0,0.0,F39,139.0,CAAGCAGAAGACGGCATACGAGAT CGTGATCCGCTA AGTCAGTCAG CC GGACTACHVGGGTWTCTAAT        806rcbc139,CGTGATCCGCTA,AATGATACGGCGACCACCGAGATCTACACGCCTCCCTCGCGCCATCAGAGATGTG,769002,T2,Kylie
349,166.0,281.0,12422.0,24.0,3949.0,0.0,121.0,210.0,16.0,0.0,0.0,455.0,6.0,284.0,0.0,17.0,0.0,45.0,0.0,0.0,0.0,0.0,0.0,0.0,0.0,0.0,0.0,F4,99.0,CAAGCAGAAGACGGCATACGAGAT GCCTAGCCCAAT AGTCAGTCAG CC GGACTACHVGGGTWTCTAAT        806rcbc99,GCCTAGCCCAAT,AATGATACGGCGACCACCGAGATCTACACGCCTCCCTCGCGCCATCAGAGATGTG,769055,T1,Kylie
350,1216.0,50.0,3259.0,1793.0,3913.0,0.0,150.0,78.0,21.0,10348.0,0.0,170.0,2636.0,96.0,0.0,0.0,0.0,1237.0,0.0,0.0,0.0,5.0,0.0,0.0,0.0,101.0,0.0,F40,140.0,CAAGCAGAAGACGGCATACGAGAT GGTTATTTGGCG AGTCAGTCAG CC GGACTACHVGGGTWTCTAAT        806rcbc140,GGTTATTTGGCG,AATGATACGGCGACCACCGAGATCTACACGCCTCCCTCGCGCCATCAGAGATGTG,769004,T2,Kylie
351,194.0,8216.0,4695.0,166.0,1587.0,1212.0,3114.0,849.0,0.0,3.0,0.0,2749.0,196.0,1757.0,95.0,27.0,0.0,0.0,0.0,0.0,0.0,0.0,0.0,0.0,0.0,0.0,0.0,F41,141.0,CAAGCAGAAGACGGCATACGAGAT GGATCGTAATAC AGTCAGTCAG CC GGACTACHVGGGTWTCTAAT        806rcbc141,GGATCGTAATAC,AATGATACGGCGACCACCGAGATCTACACGCCTCCCTCGCGCCATCAGAGATGTG,769005,T2,Kylie
352,780.0,493.0,7654.0,136.0,5506.0,0.0,5391.0,91.0,120.0,0.0,0.0,3211.0,19.0,18.0,0.0,126.0,1820.0,0.0,0.0,213.0,0.0,0.0,0.0,0.0,7.0,13.0,46.0,F42,142.0,CAAGCAGAAGACGGCATACGAGAT GCATAGCATCAA AGTCAGTCAG CC GGACTACHVGGGTWTCTAAT        806rcbc142,GCATAGCATCAA,AATGATACGGCGACCACCGAGATCTACACGCCTCCCTCGCGCCATCAGAGATGTG,769006,T2,Kylie
353,392.0,65.0,3792.0,4143.0,1780.0,1980.0,151.0,217.0,0.0,0.0,1745.0,1296.0,40.0,644.0,0.0,0.0,1219.0,55.0,0.0,6.0,0.0,0.0,423.0,0.0,8.0,0.0,0.0,F43,143.0,CAAGCAGAAGACGGCATACGAGAT GTGTTAGATGTG AGTCAGTCAG CC GGACTACHVGGGTWTCTAAT        806rcbc143,GTGTTAGATGTG,AATGATACGGCGACCACCGAGATCTACACGCCTCCCTCGCGCCATCAGAGATGTG,769007,T2,Kylie
354,278.0,130.0,1411.0,118.0,5062.0,0.0,1706.0,17.0,0.0,37.0,1419.0,4571.0,1244.0,0.0,0.0,97.0,0.0,0.0,0.0,0.0,0.0,0.0,0.0,0.0,0.0,0.0,0.0,F44,144.0,CAAGCAGAAGACGGCATACGAGAT TTAGAGCCATGC AGTCAGTCAG CC GGACTACHVGGGTWTCTAAT        806rcbc144,TTAGAGCCATGC,AATGATACGGCGACCACCGAGATCTACACGCCTCCCTCGCGCCATCAGAGATGTG,769015,T2,Kylie
355,380.0,333.0,2989.0,131.0,4922.0,155.0,44.0,59.0,56.0,4205.0,0.0,526.0,0.0,241.0,0.0,0.0,0.0,130.0,0.0,48.0,18.0,0.0,0.0,0.0,30.0,159.0,0.0,F45,145.0,CAAGCAGAAGACGGCATACGAGAT TGAACCCTATGG AGTCAGTCAG CC GGACTACHVGGGTWTCTAAT        806rcbc145,TGAACCCTATGG,AATGATACGGCGACCACCGAGATCTACACGCCTCCCTCGCGCCATCAGAGATGTG,769017,T2,Kylie
356,745.0,780.0,901.0,452.0,477.0,0.0,618.0,36.0,0.0,29.0,5093.0,372.0,1105.0,0.0,0.0,109.0,179.0,0.0,0.0,32.0,0.0,0.0,0.0,0.0,4.0,34.0,0.0,F46,90.0,CAAGCAGAAGACGGCATACGAGAT ATGTCACCGCTG AGTCAGTCAG CC GGACTACHVGGGTWTCTAAT        806rcbc90,ATGTCACCGCTG,AATGATACGGCGACCACCGAGATCTACACGCCTCCCTCGCGCCATCAGAGATGTG,769018,T2,Kylie
357,4548.0,346.0,17575.0,49.0,3998.0,332.0,82.0,111.0,2545.0,12.0,156.0,1324.0,7.0,412.0,26.0,0.0,0.0,28.0,0.0,13.0,0.0,0.0,0.0,0.0,0.0,3.0,0.0,F5,361.0,CAAGCAGAAGACGGCATACGAGAT TCGATTGGCCGT AGTCAGTCAG CC GGACTACHVGGGTWTCTAAT        806rcbc361,TCGATTGGCCGT,AATGATACGGCGACCACCGAGATCTACACGCCTCCCTCGCGCCATCAGAGATGTG,769056,HC,Kylie
358,8275.0,1050.0,15640.0,1252.0,4457.0,0.0,208.0,90.0,573.0,0.0,336.0,825.0,0.0,0.0,0.0,169.0,0.0,126.0,0.0,59.0,0.0,0.0,0.0,0.0,9.0,33.0,0.0,F6,102.0,CAAGCAGAAGACGGCATACGAGAT GTCACGGACATT AGTCAGTCAG CC GGACTACHVGGGTWTCTAAT        806rcbc102,GTCACGGACATT,AATGATACGGCGACCACCGAGATCTACACGCCTCCCTCGCGCCATCAGAGATGTG,769057,HC,Kylie
359,202.0,6972.0,5052.0,4601.0,8613.0,0.0,2412.0,606.0,9.0,51.0,162.0,432.0,0.0,0.0,14.0,31.0,151.0,1016.0,0.0,0.0,0.0,0.0,0.0,0.0,82.0,0.0,0.0,F7,103.0,CAAGCAGAAGACGGCATACGAGAT GCGAGCGAAGTA AGTCAGTCAG CC GGACTACHVGGGTWTCTAAT        806rcbc103,GCGAGCGAAGTA,AATGATACGGCGACCACCGAGATCTACACGCCTCCCTCGCGCCATCAGAGATGTG,769058,HC,Kylie
360,5124.0,0.0,28822.0,304.0,6099.0,195.0,3453.0,107.0,0.0,13.0,0.0,213.0,4.0,5.0,0.0,400.0,0.0,1418.0,0.0,0.0,0.0,44.0,0.0,0.0,24.0,0.0,0.0,F8,104.0,CAAGCAGAAGACGGCATACGAGAT ATCTACCGAAGC AGTCAGTCAG CC GGACTACHVGGGTWTCTAAT        806rcbc104,ATCTACCGAAGC,AATGATACGGCGACCACCGAGATCTACACGCCTCCCTCGCGCCATCAGAGATGTG,769059,HC,Kylie
361,218.0,10347.0,5708.0,230.0,5755.0,41.0,1509.0,51.0,378.0,15.0,4620.0,459.0,0.0,0.0,0.0,0.0,0.0,84.0,0.0,0.0,0.0,0.0,0.0,0.0,9.0,3.0,0.0,F9,105.0,CAAGCAGAAGACGGCATACGAGAT ACTTGGTGTAAG AGTCAGTCAG CC GGACTACHVGGGTWTCTAAT        806rcbc105,ACTTGGTGTAAG,AATGATACGGCGACCACCGAGATCTACACGCCTCCCTCGCGCCATCAGAGATGTG,769060,HC,Kylie
37,293.0,106.0,4057.0,79.0,2811.0,0.0,17.0,45.0,1967.0,81.0,196.0,69.0,0.0,0.0,0.0,297.0,0.0,21.0,0.0,27.0,20.0,0.0,0.0,0.0,0.0,0.0,0.0,17,167.0,CAAGCAGAAGACGGCATACGAGAT CGCTACAACTCG AGTCAGTCAG CC GGACTACHVGGGTWTCTAAT        806rcbc167,CGCTACAACTCG,AATGATACGGCGACCACCGAGATCTACACGCCTCCCTCGCGCCATCAGAGATGTG,469066,HC,Kylie
38,469.0,4385.0,10422.0,56.0,1890.0,24.0,343.0,80.0,0.0,0.0,0.0,608.0,0.0,0.0,0.0,0.0,0.0,94.0,0.0,62.0,39.0,0.0,0.0,0.0,0.0,0.0,0.0,18,146.0,CAAGCAGAAGACGGCATACGAGAT AGAGTCTTGCCA AGTCAGTCAG CC GGACTACHVGGGTWTCTAAT        806rcbc146,AGAGTCTTGCCA,AATGATACGGCGACCACCGAGATCTACACGCCTCCCTCGCGCCATCAGAGATGTG,369074,T2,Kylie
41,332.0,0.0,6876.0,91.0,3235.0,0.0,539.0,360.0,0.0,49.0,0.0,382.0,0.0,0.0,18.0,83.0,0.0,177.0,0.0,0.0,0.0,0.0,0.0,0.0,6.0,13.0,0.0,21,171.0,CAAGCAGAAGACGGCATACGAGAT TGGGTCCCACAT AGTCAGTCAG CC GGACTACHVGGGTWTCTAAT        806rcbc171,TGGGTCCCACAT,AATGATACGGCGACCACCGAGATCTACACGCCTCCCTCGCGCCATCAGAGATGTG,369078,HC,Kylie
43,8733.0,425.0,6740.0,186.0,6471.0,0.0,276.0,23.0,0.0,0.0,348.0,487.0,0.0,0.0,0.0,1186.0,0.0,0.0,0.0,24.0,0.0,0.0,0.0,0.0,11.0,33.0,0.0,23,147.0,CAAGCAGAAGACGGCATACGAGAT ACAACACTCCGA AGTCAGTCAG CC GGACTACHVGGGTWTCTAAT        806rcbc147,ACAACACTCCGA,AATGATACGGCGACCACCGAGATCTACACGCCTCCCTCGCGCCATCAGAGATGTG,708,T2,Kylie
44,5251.0,0.0,8018.0,0.0,5998.0,0.0,158.0,6.0,1219.0,0.0,3452.0,244.0,0.0,0.0,0.0,0.0,0.0,377.0,0.0,12.0,95.0,0.0,0.0,0.0,0.0,29.0,0.0,24,174.0,CAAGCAGAAGACGGCATACGAGAT AGTTGTAGTCCG AGTCAGTCAG CC GGACTACHVGGGTWTCTAAT        806rcbc174,AGTTGTAGTCCG,AATGATACGGCGACCACCGAGATCTACACGCCTCCCTCGCGCCATCAGAGATGTG,469076,HC,Kylie
45,202.0,0.0,6721.0,288.0,5243.0,0.0,466.0,190.0,0.0,243.0,0.0,4335.0,0.0,53.0,16.0,60.0,37.0,388.0,0.0,28.0,0.0,0.0,0.0,0.0,0.0,0.0,0.0,25,175.0,CAAGCAGAAGACGGCATACGAGAT TCGTCAAACCCG AGTCAGTCAG CC GGACTACHVGGGTWTCTAAT        806rcbc175,TCGTCAAACCCG,AATGATACGGCGACCACCGAGATCTACACGCCTCCCTCGCGCCATCAGAGATGTG,469021,T2,Kylie
50,15214.0,0.0,4363.0,3978.0,3092.0,0.0,28.0,28.0,1356.0,0.0,0.0,380.0,0.0,111.0,0.0,0.0,0.0,54.0,0.0,0.0,0.0,0.0,0.0,0.0,0.0,0.0,0.0,30,180.0,CAAGCAGAAGACGGCATACGAGAT GTGCAACCAATC AGTCAGTCAG CC GGACTACHVGGGTWTCTAAT        806rcbc180,GTGCAACCAATC,AATGATACGGCGACCACCGAGATCTACACGCCTCCCTCGCGCCATCAGAGATGTG,469046,T2,Kylie
51,3551.0,25.0,444.0,16.0,10672.0,0.0,1963.0,0.0,306.0,3520.0,0.0,114.0,0.0,0.0,0.0,0.0,0.0,265.0,0.0,0.0,0.0,0.0,0.0,0.0,0.0,0.0,0.0,31,181.0,CAAGCAGAAGACGGCATACGAGAT GCTTGAGCTTGA AGTCAGTCAG CC GGACTACHVGGGTWTCTAAT        806rcbc181,GCTTGAGCTTGA,AATGATACGGCGACCACCGAGATCTACACGCCTCCCTCGCGCCATCAGAGATGTG,720,T1,Kylie
52,2338.0,8.0,4172.0,295.0,16927.0,0.0,121.0,7.0,48.0,89.0,0.0,0.0,0.0,0.0,0.0,0.0,0.0,0.0,0.0,0.0,0.0,0.0,0.0,0.0,1.0,0.0,0.0,32,182.0,CAAGCAGAAGACGGCATACGAGAT CGCTGTGGATTA AGTCAGTCAG CC GGACTACHVGGGTWTCTAAT        806rcbc182,CGCTGTGGATTA,AATGATACGGCGACCACCGAGATCTACACGCCTCCCTCGCGCCATCAGAGATGTG,469004,T1,Kylie
53,174.0,44.0,10632.0,161.0,5874.0,0.0,19.0,38.0,0.0,0.0,0.0,4164.0,0.0,124.0,0.0,0.0,0.0,129.0,0.0,0.0,0.0,0.0,0.0,0.0,0.0,7.0,0.0,33,183.0,CAAGCAGAAGACGGCATACGAGAT CTGTCAGTGACC AGTCAGTCAG CC GGACTACHVGGGTWTCTAAT        806rcbc183,CTGTCAGTGACC,AATGATACGGCGACCACCGAGATCTACACGCCTCCCTCGCGCCATCAGAGATGTG,369029,HC,Kylie
55,4863.0,0.0,8321.0,1917.0,8084.0,0.0,4711.0,169.0,443.0,2363.0,0.0,37.0,0.0,0.0,70.0,0.0,0.0,0.0,0.0,0.0,0.0,7.0,0.0,0.0,0.0,0.0,0.0,35,148.0,CAAGCAGAAGACGGCATACGAGAT CGATGCTGTTGA AGTCAGTCAG CC GGACTACHVGGGTWTCTAAT        806rcbc148,CGATGCTGTTGA,AATGATACGGCGACCACCGAGATCTACACGCCTCCCTCGCGCCATCAGAGATGTG,469106,T1,Kylie
56,140.0,204.0,946.0,27.0,3698.0,0.0,158.0,166.0,38.0,0.0,0.0,310.0,0.0,0.0,0.0,0.0,0.0,15.0,0.0,5.0,0.0,0.0,0.0,0.0,0.0,0.0,0.0,36,186.0,CAAGCAGAAGACGGCATACGAGAT CTGATCCATCTT AGTCAGTCAG CC GGACTACHVGGGTWTCTAAT        806rcbc186,CTGATCCATCTT,AATGATACGGCGACCACCGAGATCTACACGCCTCCCTCGCGCCATCAGAGATGTG,369027,T1,Kylie
57,4968.0,1614.0,2756.0,58.0,12624.0,0.0,2390.0,112.0,124.0,9.0,0.0,1965.0,0.0,0.0,4.0,0.0,0.0,3.0,0.0,61.0,283.0,0.0,0.0,0.0,8.0,42.0,0.0,37,187.0,CAAGCAGAAGACGGCATACGAGAT TATGTGCCGGCT AGTCAGTCAG CC GGACTACHVGGGTWTCTAAT        806rcbc187,TATGTGCCGGCT,AATGATACGGCGACCACCGAGATCTACACGCCTCCCTCGCGCCATCAGAGATGTG,469025,T1,Kylie
58,43.0,4537.0,1364.0,460.0,5158.0,0.0,506.0,22.0,0.0,172.0,3325.0,11143.0,5302.0,21.0,0.0,0.0,0.0,0.0,0.0,0.0,0.0,0.0,0.0,0.0,0.0,0.0,0.0,38,188.0,CAAGCAGAAGACGGCATACGAGAT TGGTCGCATCGT AGTCAGTCAG CC GGACTACHVGGGTWTCTAAT        806rcbc188,TGGTCGCATCGT,AATGATACGGCGACCACCGAGATCTACACGCCTCCCTCGCGCCATCAGAGATGTG,714,T1,Kylie
59,122.0,42.0,12304.0,186.0,2876.0,0.0,1924.0,1076.0,184.0,44.0,0.0,4038.0,0.0,81.0,68.0,0.0,0.0,261.0,0.0,0.0,0.0,0.0,0.0,0.0,8.0,0.0,0.0,39,189.0,CAAGCAGAAGACGGCATACGAGAT TGTAAGACTTGG AGTCAGTCAG CC GGACTACHVGGGTWTCTAAT        806rcbc189,TGTAAGACTTGG,AATGATACGGCGACCACCGAGATCTACACGCCTCCCTCGCGCCATCAGAGATGTG,369069,HC,Kylie
61,42.0,3.0,8368.0,90.0,4403.0,34.0,515.0,110.0,286.0,6.0,93.0,1916.0,0.0,155.0,8.0,0.0,0.0,518.0,0.0,0.0,0.0,0.0,0.0,0.0,0.0,0.0,0.0,41,191.0,CAAGCAGAAGACGGCATACGAGAT CGATCTTCGAGC AGTCAGTCAG CC GGACTACHVGGGTWTCTAAT        806rcbc191,CGATCTTCGAGC,AATGATACGGCGACCACCGAGATCTACACGCCTCCCTCGCGCCATCAGAGATGTG,469015,T2,Kylie
62,103.0,7.0,3747.0,503.0,2107.0,0.0,1921.0,276.0,0.0,3.0,5.0,5697.0,0.0,110.0,28.0,17.0,1215.0,155.0,0.0,0.0,0.0,0.0,0.0,0.0,6.0,0.0,0.0,42,192.0,CAAGCAGAAGACGGCATACGAGAT GTCGAATTTGCG AGTCAGTCAG CC GGACTACHVGGGTWTCTAAT        806rcbc192,GTCGAATTTGCG,AATGATACGGCGACCACCGAGATCTACACGCCTCCCTCGCGCCATCAGAGATGTG,469021,T1,Kylie
63,4940.0,4309.0,2367.0,4341.0,7051.0,0.0,176.0,65.0,1000.0,6.0,40.0,309.0,5.0,0.0,0.0,45.0,0.0,12.0,0.0,18.0,0.0,3.0,0.0,0.0,6.0,0.0,0.0,43,149.0,CAAGCAGAAGACGGCATACGAGAT ACGACTGCATAA AGTCAGTCAG CC GGACTACHVGGGTWTCTAAT        806rcbc149,ACGACTGCATAA,AATGATACGGCGACCACCGAGATCTACACGCCTCCCTCGCGCCATCAGAGATGTG,369123,T2,Kylie
65,4.0,0.0,29.0,3.0,1383.0,0.0,22.0,0.0,0.0,0.0,0.0,18.0,0.0,0.0,0.0,0.0,0.0,0.0,0.0,0.0,0.0,0.0,0.0,0.0,0.0,0.0,0.0,45,150.0,CAAGCAGAAGACGGCATACGAGAT ACGCGAACTAAT AGTCAGTCAG CC GGACTACHVGGGTWTCTAAT        806rcbc150,ACGCGAACTAAT,AATGATACGGCGACCACCGAGATCTACACGCCTCCCTCGCGCCATCAGAGATGTG,469030,T2,Kylie
66,6045.0,288.0,8469.0,1301.0,4037.0,0.0,134.0,169.0,152.0,0.0,1378.0,228.0,0.0,0.0,122.0,0.0,0.0,99.0,0.0,82.0,0.0,0.0,0.0,0.0,0.0,90.0,0.0,46,196.0,CAAGCAGAAGACGGCATACGAGAT CGCTCACAGAAT AGTCAGTCAG CC GGACTACHVGGGTWTCTAAT        806rcbc196,CGCTCACAGAAT,AATGATACGGCGACCACCGAGATCTACACGCCTCCCTCGCGCCATCAGAGATGTG,707,T1,Kylie
67,1660.0,0.0,5.0,177.0,23183.0,0.0,3433.0,54.0,93.0,0.0,0.0,0.0,0.0,0.0,0.0,2.0,0.0,0.0,0.0,0.0,0.0,0.0,0.0,0.0,0.0,0.0,0.0,47,197.0,CAAGCAGAAGACGGCATACGAGAT ATTCGGTAGTGC AGTCAGTCAG CC GGACTACHVGGGTWTCTAAT        806rcbc197,ATTCGGTAGTGC,AATGATACGGCGACCACCGAGATCTACACGCCTCCCTCGCGCCATCAGAGATGTG,469024,T2,Kylie
68,702.0,0.0,10029.0,241.0,12300.0,0.0,111.0,156.0,329.0,0.0,0.0,5358.0,0.0,0.0,0.0,0.0,0.0,1203.0,0.0,53.0,0.0,0.0,0.0,0.0,0.0,0.0,0.0,48,198.0,CAAGCAGAAGACGGCATACGAGAT CGAGCTGTTACC AGTCAGTCAG CC GGACTACHVGGGTWTCTAAT        806rcbc198,CGAGCTGTTACC,AATGATACGGCGACCACCGAGATCTACACGCCTCCCTCGCGCCATCAGAGATGTG,469051,HC,Kylie
74,12.0,0.0,8301.0,75.0,5968.0,32.0,60.0,503.0,0.0,0.0,4725.0,294.0,125.0,0.0,0.0,24.0,0.0,67.0,0.0,0.0,0.0,0.0,0.0,0.0,10.0,0.0,0.0,54,204.0,CAAGCAGAAGACGGCATACGAGAT AGGGTGACTTTA AGTCAGTCAG CC GGACTACHVGGGTWTCTAAT        806rcbc204,AGGGTGACTTTA,AATGATACGGCGACCACCGAGATCTACACGCCTCCCTCGCGCCATCAGAGATGTG,469013,T1,Kylie
75,194.0,0.0,3522.0,345.0,5461.0,43.0,202.0,53.0,0.0,0.0,85.0,1637.0,3.0,0.0,0.0,30.0,5.0,27.0,0.0,5.0,73.0,0.0,0.0,0.0,19.0,16.0,0.0,55,205.0,CAAGCAGAAGACGGCATACGAGAT GACTTCATGCGA AGTCAGTCAG CC GGACTACHVGGGTWTCTAAT        806rcbc205,GACTTCATGCGA,AATGATACGGCGACCACCGAGATCTACACGCCTCCCTCGCGCCATCAGAGATGTG,469036,T1,Kylie
78,2318.0,1051.0,16007.0,23.0,6211.0,8.0,1889.0,158.0,0.0,234.0,0.0,3243.0,0.0,75.0,52.0,84.0,10.0,117.0,0.0,24.0,0.0,0.0,0.0,0.0,0.0,0.0,0.0,58,208.0,CAAGCAGAAGACGGCATACGAGAT TTCGATGCCGCA AGTCAGTCAG CC GGACTACHVGGGTWTCTAAT        806rcbc208,TTCGATGCCGCA,AATGATACGGCGACCACCGAGATCTACACGCCTCCCTCGCGCCATCAGAGATGTG,469070,HC,Kylie
81,164.0,3301.0,3527.0,284.0,8168.0,0.0,55.0,52.0,0.0,7.0,292.0,2280.0,0.0,0.0,0.0,23.0,0.0,7.0,0.0,0.0,2.0,0.0,0.0,0.0,0.0,6.0,0.0,61,211.0,CAAGCAGAAGACGGCATACGAGAT TGCACGTGATAA AGTCAGTCAG CC GGACTACHVGGGTWTCTAAT        806rcbc211,TGCACGTGATAA,AATGATACGGCGACCACCGAGATCTACACGCCTCCCTCGCGCCATCAGAGATGTG,469043,T1,Kylie
82,779.0,8.0,6873.0,32.0,4598.0,0.0,101.0,38.0,206.0,0.0,0.0,2622.0,0.0,0.0,0.0,0.0,101.0,443.0,0.0,0.0,0.0,0.0,0.0,0.0,9.0,0.0,0.0,62,152.0,CAAGCAGAAGACGGCATACGAGAT ACGGGTCATCAT AGTCAGTCAG CC GGACTACHVGGGTWTCTAAT        806rcbc152,ACGGGTCATCAT,AATGATACGGCGACCACCGAGATCTACACGCCTCCCTCGCGCCATCAGAGATGTG,369007,T1,Kylie
83,243.0,154.0,11997.0,1082.0,5303.0,0.0,409.0,53.0,0.0,0.0,0.0,6920.0,0.0,27.0,10.0,8.0,0.0,403.0,0.0,9.0,0.0,0.0,0.0,0.0,5.0,0.0,0.0,63,213.0,CAAGCAGAAGACGGCATACGAGAT AAGACAGCTATC AGTCAGTCAG CC GGACTACHVGGGTWTCTAAT        806rcbc213,AAGACAGCTATC,AATGATACGGCGACCACCGAGATCTACACGCCTCCCTCGCGCCATCAGAGATGTG,369107,T2,Kylie
84,117.0,69.0,910.0,124.0,2278.0,0.0,342.0,105.0,0.0,0.0,2.0,101.0,0.0,50.0,0.0,0.0,0.0,31.0,0.0,0.0,0.0,0.0,0.0,0.0,3.0,0.0,0.0,64,153.0,CAAGCAGAAGACGGCATACGAGAT GAAACATCCCAC AGTCAGTCAG CC GGACTACHVGGGTWTCTAAT        806rcbc153,GAAACATCCCAC,AATGATACGGCGACCACCGAGATCTACACGCCTCCCTCGCGCCATCAGAGATGTG,469108,T1,Kylie
85,77.0,2479.0,5391.0,62.0,2082.0,48.0,156.0,4.0,19.0,3.0,5.0,749.0,0.0,37.0,36.0,86.0,5.0,21.0,0.0,0.0,0.0,0.0,0.0,0.0,4.0,0.0,0.0,65,215.0,CAAGCAGAAGACGGCATACGAGAT TTCTCCATCACA AGTCAGTCAG CC GGACTACHVGGGTWTCTAAT        806rcbc215,TTCTCCATCACA,AATGATACGGCGACCACCGAGATCTACACGCCTCCCTCGCGCCATCAGAGATGTG,469060,HC,Kylie
89,281.0,9823.0,18305.0,377.0,4869.0,3491.0,440.0,184.0,1165.0,41.0,329.0,2015.0,0.0,99.0,19.0,246.0,0.0,119.0,0.0,0.0,0.0,0.0,0.0,0.0,8.0,0.0,0.0,69,219.0,CAAGCAGAAGACGGCATACGAGAT TGGTTGGTTACG AGTCAGTCAG CC GGACTACHVGGGTWTCTAAT        806rcbc219,TGGTTGGTTACG,AATGATACGGCGACCACCGAGATCTACACGCCTCCCTCGCGCCATCAGAGATGTG,469055,HC,Kylie
91,4.0,236.0,880.0,14.0,1534.0,0.0,1366.0,16.0,0.0,24.0,0.0,1384.0,0.0,6.0,0.0,27.0,57.0,35.0,0.0,0.0,0.0,0.0,0.0,0.0,5.0,0.0,0.0,71,221.0,CAAGCAGAAGACGGCATACGAGAT CAACGTGCTCCA AGTCAGTCAG CC GGACTACHVGGGTWTCTAAT        806rcbc221,CAACGTGCTCCA,AATGATACGGCGACCACCGAGATCTACACGCCTCCCTCGCGCCATCAGAGATGTG,369072,HC,Kylie
94,748.0,0.0,996.0,199.0,9516.0,0.0,118.0,7.0,0.0,0.0,0.0,1396.0,0.0,0.0,0.0,252.0,0.0,0.0,0.0,0.0,0.0,0.0,0.0,0.0,0.0,0.0,0.0,74,224.0,CAAGCAGAAGACGGCATACGAGAT GTAATGCGTAAC AGTCAGTCAG CC GGACTACHVGGGTWTCTAAT        806rcbc224,GTAATGCGTAAC,AATGATACGGCGACCACCGAGATCTACACGCCTCCCTCGCGCCATCAGAGATGTG,469113,T2,Kylie
